data	time	adv	mando	resultado	gols	gols_sofridos	prat_time	prat_adv	finalizacoes_alvo	finalizacoes_totais	escanteios	faltas_sofridas	faltas_cometidas	cartoes_amarelos	cartoes_vermelhos	B365H	B365D	B365A
2024-08-16	Man United	Fulham	casa	V	1	0	3	3	5.0	14.0	7.0	10.0	12.0	2	0	1.6	4.2	5.25
2024-08-16	Fulham	Man United	fora	D	0	1	3	3	2.0	10.0	8.0	12.0	10.0	3	0	1.6	4.2	5.25
2024-08-17	Ipswich	Liverpool	casa	D	0	2	3	3	2.0	7.0	2.0	18.0	9.0	3	0	8.5	5.5	1.33
2024-08-17	Liverpool	Ipswich	fora	V	2	0	3	3	5.0	18.0	10.0	9.0	18.0	1	0	8.5	5.5	1.33
2024-08-17	Arsenal	Wolves	casa	V	2	0	3	3	6.0	18.0	8.0	14.0	17.0	2	0	1.18	7.5	13.0
2024-08-17	Wolves	Arsenal	fora	D	0	2	3	3	3.0	9.0	2.0	17.0	14.0	2	0	1.18	7.5	13.0
2024-08-17	Everton	Brighton	casa	D	0	3	3	3	1.0	9.0	1.0	8.0	8.0	1	1	2.63	3.3	2.63
2024-08-17	Brighton	Everton	fora	V	3	0	3	3	5.0	10.0	5.0	8.0	8.0	1	0	2.63	3.3	2.63
2024-08-17	Newcastle	Southampton	casa	V	1	0	3	3	1.0	3.0	3.0	16.0	15.0	2	1	1.36	5.25	8.0
2024-08-17	Southampton	Newcastle	fora	D	0	1	3	3	4.0	19.0	12.0	15.0	16.0	4	0	1.36	5.25	8.0
2024-08-17	Nott'm Forest	Bournemouth	casa	E	1	1	3	3	8.0	14.0	2.0	8.0	17.0	1	0	2.45	3.5	2.8
2024-08-17	Bournemouth	Nott'm Forest	fora	E	1	1	3	3	4.0	13.0	6.0	17.0	8.0	3	0	2.45	3.5	2.8
2024-08-17	West Ham	Aston Villa	casa	D	1	2	3	3	3.0	14.0	5.0	11.0	18.0	1	0	2.45	3.6	2.75
2024-08-17	Aston Villa	West Ham	fora	V	2	1	3	3	3.0	15.0	3.0	18.0	11.0	2	0	2.45	3.6	2.75
2024-08-18	Brentford	Crystal Palace	casa	V	2	1	3	3	5.0	9.0	4.0	15.0	6.0	1	0	2.4	3.4	2.9
2024-08-18	Crystal Palace	Brentford	fora	D	1	2	3	3	6.0	14.0	7.0	6.0	15.0	5	0	2.4	3.4	2.9
2024-08-18	Chelsea	Man City	casa	D	0	2	3	3	3.0	10.0	4.0	9.0	12.0	1	0	4.1	3.9	1.8
2024-08-18	Man City	Chelsea	fora	V	2	0	3	3	5.0	11.0	3.0	12.0	9.0	1	0	4.1	3.9	1.8
2024-08-19	Leicester	Tottenham	casa	E	1	1	3	3	3.0	7.0	2.0	12.0	11.0	1	0	5.0	4.33	1.62
2024-08-19	Tottenham	Leicester	fora	E	1	1	3	3	7.0	15.0	13.0	11.0	12.0	1	0	5.0	4.33	1.62
2024-08-24	Brighton	Man United	casa	V	2	1	3	3	5.0	14.0	4.0	13.0	9.0	1	0	2.5	3.7	2.63
2024-08-24	Man United	Brighton	fora	D	1	2	3	3	4.0	11.0	4.0	9.0	13.0	2	0	2.5	3.7	2.63
2024-08-24	Crystal Palace	West Ham	casa	D	0	2	3	3	2.0	14.0	3.0	17.0	9.0	1	0	2.15	3.6	3.2
2024-08-24	West Ham	Crystal Palace	fora	V	2	0	3	3	3.0	18.0	3.0	9.0	17.0	1	0	2.15	3.6	3.2
2024-08-24	Fulham	Leicester	casa	V	2	1	3	3	6.0	18.0	7.0	13.0	14.0	2	0	1.8	3.75	4.2
2024-08-24	Leicester	Fulham	fora	D	1	2	3	3	4.0	10.0	5.0	14.0	13.0	2	0	1.8	3.75	4.2
2024-08-24	Man City	Ipswich	casa	V	4	1	3	3	5.0	14.0	10.0	15.0	4.0	2	0	1.08	12.0	21.0
2024-08-24	Ipswich	Man City	fora	D	1	4	3	3	1.0	1.0	1.0	4.0	15.0	3	0	1.08	12.0	21.0
2024-08-24	Southampton	Nott'm Forest	casa	D	0	1	3	3	1.0	5.0	4.0	14.0	14.0	3	0	2.55	3.3	2.8
2024-08-24	Nott'm Forest	Southampton	fora	V	1	0	3	3	8.0	23.0	10.0	14.0	14.0	3	0	2.55	3.3	2.8
2024-08-24	Tottenham	Everton	casa	V	4	0	3	3	7.0	13.0	12.0	15.0	11.0	0	0	1.44	4.75	6.5
2024-08-24	Everton	Tottenham	fora	D	0	4	3	3	1.0	10.0	5.0	11.0	15.0	0	0	1.44	4.75	6.5
2024-08-24	Aston Villa	Arsenal	casa	D	0	2	3	3	3.0	11.0	4.0	15.0	8.0	1	0	4.33	3.8	1.75
2024-08-24	Arsenal	Aston Villa	fora	V	2	0	3	3	4.0	9.0	1.0	8.0	15.0	3	0	4.33	3.8	1.75
2024-08-25	Bournemouth	Newcastle	casa	E	1	1	3	3	4.0	16.0	8.0	8.0	19.0	2	0	2.9	3.8	2.2
2024-08-25	Newcastle	Bournemouth	fora	E	1	1	3	3	5.0	14.0	9.0	19.0	8.0	2	0	2.9	3.8	2.2
2024-08-25	Wolves	Chelsea	casa	D	2	6	3	3	4.0	12.0	5.0	13.0	13.0	2	0	4.33	4.0	1.75
2024-08-25	Chelsea	Wolves	fora	V	6	2	3	3	8.0	14.0	5.0	13.0	13.0	3	0	4.33	4.0	1.75
2024-08-25	Liverpool	Brentford	casa	V	2	0	3	3	8.0	19.0	9.0	7.0	10.0	2	0	1.27	5.75	11.0
2024-08-25	Brentford	Liverpool	fora	D	0	2	3	3	2.0	8.0	4.0	10.0	7.0	3	0	1.27	5.75	11.0
2024-08-31	Arsenal	Brighton	casa	E	1	1	3	3	7.0	11.0	3.0	7.0	12.0	3	1	1.33	5.5	8.5
2024-08-31	Brighton	Arsenal	fora	E	1	1	3	3	4.0	22.0	7.0	12.0	7.0	2	0	1.33	5.5	8.5
2024-08-31	Brentford	Southampton	casa	V	3	1	3	3	7.0	20.0	2.0	7.0	10.0	2	0	1.75	3.9	4.33
2024-08-31	Southampton	Brentford	fora	D	1	3	3	3	6.0	18.0	8.0	10.0	7.0	1	0	1.75	3.9	4.33
2024-08-31	Everton	Bournemouth	casa	D	2	3	3	3	8.0	18.0	8.0	1.0	6.0	2	0	2.75	3.4	2.55
2024-08-31	Bournemouth	Everton	fora	V	3	2	3	3	7.0	17.0	4.0	6.0	1.0	1	0	2.75	3.4	2.55
2024-08-31	Ipswich	Fulham	casa	E	1	1	3	3	4.0	11.0	8.0	15.0	15.0	2	0	3.0	3.5	2.3
2024-08-31	Fulham	Ipswich	fora	E	1	1	3	3	4.0	9.0	6.0	15.0	15.0	3	0	3.0	3.5	2.3
2024-08-31	Leicester	Aston Villa	casa	D	1	2	3	3	3.0	9.0	1.0	21.0	13.0	4	0	4.5	4.0	1.7
2024-08-31	Aston Villa	Leicester	fora	V	2	1	3	3	5.0	10.0	4.0	13.0	21.0	5	0	4.5	4.0	1.7
2024-08-31	Nott'm Forest	Wolves	casa	E	1	1	3	3	5.0	16.0	7.0	18.0	15.0	3	0	2.0	3.7	3.7
2024-08-31	Wolves	Nott'm Forest	fora	E	1	1	3	3	3.0	11.0	3.0	15.0	18.0	4	0	2.0	3.7	3.7
2024-08-31	West Ham	Man City	casa	D	1	3	3	3	2.0	10.0	3.0	3.0	10.0	3	0	7.0	5.5	1.38
2024-08-31	Man City	West Ham	fora	V	3	1	3	3	8.0	23.0	11.0	10.0	3.0	2	0	7.0	5.5	1.38
2024-09-01	Chelsea	Crystal Palace	casa	E	1	1	3	3	7.0	13.0	4.0	13.0	9.0	4	0	1.6	4.33	5.0
2024-09-01	Crystal Palace	Chelsea	fora	E	1	1	3	3	3.0	9.0	5.0	9.0	13.0	2	0	1.6	4.33	5.0
2024-09-01	Newcastle	Tottenham	casa	V	2	1	3	3	3.0	9.0	7.0	13.0	16.0	4	0	2.5	4.0	2.5
2024-09-01	Tottenham	Newcastle	fora	D	1	2	3	3	6.0	20.0	12.0	16.0	13.0	4	0	2.5	4.0	2.5
2024-09-01	Man United	Liverpool	casa	D	0	3	3	3	3.0	8.0	5.0	7.0	7.0	4	0	3.7	4.2	1.85
2024-09-01	Liverpool	Man United	fora	V	3	0	3	3	3.0	11.0	2.0	7.0	7.0	1	0	3.7	4.2	1.85
2024-09-14	Southampton	Man United	casa	D	0	3	3	3	4.0	6.0	0.0	14.0	11.0	1	1	4.5	4.0	1.7
2024-09-14	Man United	Southampton	fora	V	3	0	3	3	10.0	20.0	7.0	11.0	14.0	4	0	4.5	4.0	1.7
2024-09-14	Brighton	Ipswich	casa	E	0	0	3	3	6.0	21.0	9.0	16.0	14.0	4	0	1.38	5.0	7.5
2024-09-14	Ipswich	Brighton	fora	E	0	0	3	3	1.0	6.0	2.0	14.0	16.0	3	0	1.38	5.0	7.5
2024-09-14	Crystal Palace	Leicester	casa	E	2	2	3	3	4.0	20.0	5.0	15.0	11.0	0	0	1.62	4.0	5.5
2024-09-14	Leicester	Crystal Palace	fora	E	2	2	3	3	4.0	9.0	2.0	11.0	15.0	3	0	1.62	4.0	5.5
2024-09-14	Fulham	West Ham	casa	E	1	1	3	3	5.0	21.0	3.0	18.0	15.0	2	0	2.38	3.25	3.0
2024-09-14	West Ham	Fulham	fora	E	1	1	3	3	3.0	11.0	2.0	15.0	18.0	3	0	2.38	3.25	3.0
2024-09-14	Liverpool	Nott'm Forest	casa	D	0	1	3	3	5.0	14.0	7.0	6.0	15.0	4	0	1.22	6.5	12.0
2024-09-14	Nott'm Forest	Liverpool	fora	V	1	0	3	3	3.0	5.0	2.0	15.0	6.0	4	0	1.22	6.5	12.0
2024-09-14	Man City	Brentford	casa	V	2	1	3	3	7.0	18.0	12.0	3.0	9.0	3	0	1.18	8.0	12.0
2024-09-14	Brentford	Man City	fora	D	1	2	3	3	5.0	8.0	3.0	9.0	3.0	1	0	1.18	8.0	12.0
2024-09-14	Aston Villa	Everton	casa	V	3	2	3	3	8.0	17.0	6.0	12.0	10.0	1	0	1.5	4.2	6.5
2024-09-14	Everton	Aston Villa	fora	D	2	3	3	3	2.0	6.0	2.0	10.0	12.0	4	0	1.5	4.2	6.5
2024-09-14	Bournemouth	Chelsea	casa	D	0	1	3	3	7.0	19.0	6.0	9.0	16.0	6	0	3.4	3.8	2.0
2024-09-14	Chelsea	Bournemouth	fora	V	1	0	3	3	3.0	10.0	3.0	16.0	9.0	8	0	3.4	3.8	2.0
2024-09-15	Tottenham	Arsenal	casa	D	0	1	3	3	5.0	15.0	7.0	10.0	13.0	5	0	3.0	3.5	2.3
2024-09-15	Arsenal	Tottenham	fora	V	1	0	3	3	4.0	7.0	6.0	13.0	10.0	3	0	3.0	3.5	2.3
2024-09-15	Wolves	Newcastle	casa	D	1	2	3	3	5.0	12.0	4.0	6.0	17.0	3	0	3.4	3.5	2.1
2024-09-15	Newcastle	Wolves	fora	V	2	1	3	3	6.0	14.0	7.0	17.0	6.0	3	0	3.4	3.5	2.1
2024-09-21	West Ham	Chelsea	casa	D	0	3	3	3	7.0	15.0	6.0	9.0	17.0	5	0	3.6	3.9	1.95
2024-09-21	Chelsea	West Ham	fora	V	3	0	3	3	5.0	12.0	5.0	17.0	9.0	2	0	3.6	3.9	1.95
2024-09-21	Aston Villa	Wolves	casa	V	3	1	3	3	4.0	9.0	6.0	16.0	11.0	3	0	1.57	4.2	5.25
2024-09-21	Wolves	Aston Villa	fora	D	1	3	3	3	4.0	10.0	5.0	11.0	16.0	6	0	1.57	4.2	5.25
2024-09-21	Fulham	Newcastle	casa	V	3	1	3	3	11.0	22.0	6.0	8.0	16.0	6	0	3.0	3.4	2.4
2024-09-21	Newcastle	Fulham	fora	D	1	3	3	3	4.0	15.0	0.0	16.0	8.0	0	0	3.0	3.4	2.4
2024-09-21	Leicester	Everton	casa	E	1	1	3	3	2.0	12.0	6.0	12.0	11.0	1	0	2.45	3.4	2.88
2024-09-21	Everton	Leicester	fora	E	1	1	3	3	5.0	16.0	1.0	11.0	12.0	2	0	2.45	3.4	2.88
2024-09-21	Liverpool	Bournemouth	casa	V	3	0	3	3	13.0	19.0	3.0	12.0	10.0	1	0	1.3	6.25	9.0
2024-09-21	Bournemouth	Liverpool	fora	D	0	3	3	3	6.0	19.0	9.0	10.0	12.0	4	0	1.3	6.25	9.0
2024-09-21	Southampton	Ipswich	casa	E	1	1	3	3	3.0	11.0	2.0	16.0	16.0	4	0	2.25	3.5	3.2
2024-09-21	Ipswich	Southampton	fora	E	1	1	3	3	6.0	13.0	10.0	16.0	16.0	4	0	2.25	3.5	3.2
2024-09-21	Tottenham	Brentford	casa	V	3	1	3	3	10.0	23.0	9.0	9.0	11.0	3	0	1.55	4.5	5.5
2024-09-21	Brentford	Tottenham	fora	D	1	3	3	3	6.0	6.0	4.0	11.0	9.0	1	0	1.55	4.5	5.5
2024-09-21	Crystal Palace	Man United	casa	E	0	0	3	3	4.0	9.0	4.0	12.0	7.0	3	0	2.88	3.75	2.3
2024-09-21	Man United	Crystal Palace	fora	E	0	0	3	3	6.0	15.0	11.0	7.0	12.0	1	0	2.88	3.75	2.3
2024-09-22	Brighton	Nott'm Forest	casa	E	2	2	3	3	3.0	14.0	9.0	11.0	12.0	3	0	1.75	3.75	4.75
2024-09-22	Nott'm Forest	Brighton	fora	E	2	2	3	3	3.0	4.0	1.0	12.0	11.0	4	1	1.75	3.75	4.75
2024-09-22	Man City	Arsenal	casa	E	2	2	3	3	11.0	33.0	8.0	10.0	7.0	3	0	1.8	3.6	4.5
2024-09-22	Arsenal	Man City	fora	E	2	2	3	3	3.0	5.0	2.0	7.0	10.0	4	1	1.8	3.6	4.5
2024-09-28	Newcastle	Man City	casa	E	1	1	3	3	4.0	11.0	5.0	10.0	14.0	4	0	5.25	4.33	1.6
2024-09-28	Man City	Newcastle	fora	E	1	1	3	3	6.0	16.0	6.0	14.0	10.0	4	0	5.25	4.33	1.6
2024-09-28	Arsenal	Leicester	casa	V	4	2	3	3	16.0	36.0	17.0	6.0	11.0	2	0	1.17	8.0	15.0
2024-09-28	Leicester	Arsenal	fora	D	2	4	3	3	3.0	5.0	0.0	11.0	6.0	4	0	1.17	8.0	15.0
2024-09-28	Brentford	West Ham	casa	E	1	1	3	3	3.0	8.0	7.0	11.0	2.0	2	0	2.2	3.5	3.2
2024-09-28	West Ham	Brentford	fora	E	1	1	3	3	3.0	19.0	7.0	2.0	11.0	3	0	2.2	3.5	3.2
2024-09-28	Chelsea	Brighton	casa	V	4	2	3	3	7.0	15.0	8.0	8.0	11.0	3	0	1.73	4.2	4.2
2024-09-28	Brighton	Chelsea	fora	D	2	4	3	3	5.0	15.0	2.0	11.0	8.0	2	0	1.73	4.2	4.2
2024-09-28	Everton	Crystal Palace	casa	V	2	1	3	3	2.0	8.0	5.0	11.0	13.0	2	0	2.7	3.3	2.63
2024-09-28	Crystal Palace	Everton	fora	D	1	2	3	3	5.0	17.0	8.0	13.0	11.0	1	0	2.7	3.3	2.63
2024-09-28	Nott'm Forest	Fulham	casa	D	0	1	3	3	1.0	11.0	6.0	15.0	11.0	2	0	2.38	3.3	3.0
2024-09-28	Fulham	Nott'm Forest	fora	V	1	0	3	3	2.0	14.0	5.0	11.0	15.0	4	0	2.38	3.3	3.0
2024-09-28	Wolves	Liverpool	casa	D	1	2	3	3	3.0	8.0	2.0	8.0	16.0	2	0	8.0	5.75	1.33
2024-09-28	Liverpool	Wolves	fora	V	2	1	3	3	6.0	10.0	10.0	16.0	8.0	3	0	8.0	5.75	1.33
2024-09-29	Ipswich	Aston Villa	casa	E	2	2	3	3	5.0	15.0	10.0	14.0	10.0	4	0	4.0	3.75	1.85
2024-09-29	Aston Villa	Ipswich	fora	E	2	2	3	3	3.0	7.0	0.0	10.0	14.0	1	0	4.0	3.75	1.85
2024-09-29	Man United	Tottenham	casa	D	0	3	3	3	2.0	11.0	5.0	14.0	16.0	5	1	2.35	3.75	2.75
2024-09-29	Tottenham	Man United	fora	V	3	0	3	3	10.0	24.0	3.0	16.0	14.0	3	0	2.35	3.75	2.75
2024-09-30	Bournemouth	Southampton	casa	V	3	1	3	3	6.0	14.0	7.0	12.0	19.0	2	0	1.65	4.1	5.0
2024-09-30	Southampton	Bournemouth	fora	D	1	3	3	3	3.0	9.0	4.0	19.0	12.0	5	0	1.65	4.1	5.0
2024-10-05	Crystal Palace	Liverpool	casa	D	0	1	3	3	5.0	9.0	3.0	15.0	7.0	4	0	6.0	4.5	1.5
2024-10-05	Liverpool	Crystal Palace	fora	V	1	0	3	3	4.0	16.0	8.0	7.0	15.0	2	0	6.0	4.5	1.5
2024-10-05	Arsenal	Southampton	casa	V	3	1	3	3	6.0	29.0	13.0	9.0	10.0	0	0	1.14	9.0	17.0
2024-10-05	Southampton	Arsenal	fora	D	1	3	3	3	2.0	8.0	1.0	10.0	9.0	3	0	1.14	9.0	17.0
2024-10-05	Brentford	Wolves	casa	V	5	3	3	3	12.0	19.0	10.0	10.0	9.0	2	0	2.05	3.6	3.4
2024-10-05	Wolves	Brentford	fora	D	3	5	3	3	6.0	17.0	3.0	9.0	10.0	3	0	2.05	3.6	3.4
2024-10-05	Leicester	Bournemouth	casa	V	1	0	3	3	2.0	6.0	0.0	14.0	12.0	4	0	3.1	3.75	2.15
2024-10-05	Bournemouth	Leicester	fora	D	0	1	3	3	2.0	17.0	9.0	12.0	14.0	1	0	3.1	3.75	2.15
2024-10-05	Man City	Fulham	casa	V	3	2	3	3	7.0	20.0	8.0	10.0	4.0	2	0	1.25	7.0	9.5
2024-10-05	Fulham	Man City	fora	D	2	3	3	3	4.0	11.0	3.0	4.0	10.0	1	0	1.25	7.0	9.5
2024-10-05	West Ham	Ipswich	casa	V	4	1	3	3	13.0	23.0	5.0	6.0	12.0	0	0	1.8	3.8	4.33
2024-10-05	Ipswich	West Ham	fora	D	1	4	3	3	2.0	9.0	5.0	12.0	6.0	1	0	1.8	3.8	4.33
2024-10-05	Everton	Newcastle	casa	E	0	0	3	3	2.0	8.0	0.0	8.0	12.0	1	0	3.2	3.6	2.2
2024-10-05	Newcastle	Everton	fora	E	0	0	3	3	3.0	14.0	10.0	12.0	8.0	2	0	3.2	3.6	2.2
2024-10-06	Aston Villa	Man United	casa	E	0	0	3	3	1.0	11.0	6.0	11.0	12.0	1	0	2.2	3.75	3.0
2024-10-06	Man United	Aston Villa	fora	E	0	0	3	3	4.0	10.0	3.0	12.0	11.0	5	0	2.2	3.75	3.0
2024-10-06	Chelsea	Nott'm Forest	casa	E	1	1	3	3	8.0	22.0	11.0	11.0	12.0	6	0	1.48	4.5	6.5
2024-10-06	Nott'm Forest	Chelsea	fora	E	1	1	3	3	9.0	16.0	3.0	12.0	11.0	2	1	1.48	4.5	6.5
2024-10-06	Brighton	Tottenham	casa	V	3	2	3	3	4.0	11.0	4.0	10.0	14.0	2	0	2.9	4.0	2.2
2024-10-06	Tottenham	Brighton	fora	D	2	3	3	3	3.0	13.0	7.0	14.0	10.0	2	0	2.9	4.0	2.2
2024-10-19	Tottenham	West Ham	casa	V	4	1	3	3	7.0	22.0	13.0	15.0	10.0	1	0	1.5	5.0	5.25
2024-10-19	West Ham	Tottenham	fora	D	1	4	3	3	4.0	11.0	5.0	10.0	15.0	3	1	1.5	5.0	5.25
2024-10-19	Fulham	Aston Villa	casa	D	1	3	3	3	4.0	10.0	6.0	11.0	8.0	3	1	2.45	3.5	2.8
2024-10-19	Aston Villa	Fulham	fora	V	3	1	3	3	5.0	14.0	11.0	8.0	11.0	3	1	2.45	3.5	2.8
2024-10-19	Ipswich	Everton	casa	D	0	2	3	3	2.0	13.0	5.0	10.0	12.0	1	0	2.38	3.3	3.0
2024-10-19	Everton	Ipswich	fora	V	2	0	3	3	8.0	11.0	8.0	12.0	10.0	1	0	2.38	3.3	3.0
2024-10-19	Man United	Brentford	casa	V	2	1	3	3	11.0	23.0	9.0	5.0	14.0	2	0	1.7	4.2	4.5
2024-10-19	Brentford	Man United	fora	D	1	2	3	3	2.0	8.0	2.0	14.0	5.0	2	0	1.7	4.2	4.5
2024-10-19	Newcastle	Brighton	casa	D	0	1	3	3	6.0	21.0	9.0	9.0	11.0	2	0	1.95	3.7	3.6
2024-10-19	Brighton	Newcastle	fora	V	1	0	3	3	5.0	10.0	4.0	11.0	9.0	2	0	1.95	3.7	3.6
2024-10-19	Southampton	Leicester	casa	D	2	3	3	3	7.0	14.0	10.0	10.0	10.0	5	1	2.3	3.5	3.0
2024-10-19	Leicester	Southampton	fora	V	3	2	3	3	4.0	18.0	6.0	10.0	10.0	3	0	2.3	3.5	3.0
2024-10-19	Bournemouth	Arsenal	casa	V	2	0	3	3	4.0	13.0	7.0	11.0	12.0	1	0	5.0	3.9	1.65
2024-10-19	Arsenal	Bournemouth	fora	D	0	2	3	3	1.0	6.0	4.0	12.0	11.0	1	1	5.0	3.9	1.65
2024-10-20	Wolves	Man City	casa	D	1	2	3	3	2.0	3.0	1.0	5.0	8.0	4	0	8.0	6.0	1.33
2024-10-20	Man City	Wolves	fora	V	2	1	3	3	7.0	22.0	18.0	8.0	5.0	1	0	8.0	6.0	1.33
2024-10-20	Liverpool	Chelsea	casa	V	2	1	3	3	5.0	9.0	1.0	13.0	12.0	4	0	1.62	4.1	5.0
2024-10-20	Chelsea	Liverpool	fora	D	1	2	3	3	2.0	12.0	6.0	12.0	13.0	3	0	1.62	4.1	5.0
2024-10-21	Nott'm Forest	Crystal Palace	casa	V	1	0	3	3	6.0	20.0	6.0	12.0	9.0	2	0	2.3	3.5	3.0
2024-10-21	Crystal Palace	Nott'm Forest	fora	D	0	1	3	3	7.0	20.0	6.0	9.0	12.0	3	0	2.3	3.5	3.0
2024-10-25	Leicester	Nott'm Forest	casa	D	1	3	3	3	1.0	11.0	6.0	9.0	16.0	5	0	3.0	3.3	2.4
2024-10-25	Nott'm Forest	Leicester	fora	V	3	1	3	3	5.0	20.0	7.0	16.0	9.0	2	0	3.0	3.3	2.4
2024-10-26	Aston Villa	Bournemouth	casa	E	1	1	3	3	8.0	18.0	9.0	14.0	12.0	7	0	1.85	3.9	3.8
2024-10-26	Bournemouth	Aston Villa	fora	E	1	1	3	3	3.0	11.0	7.0	12.0	14.0	6	0	1.85	3.9	3.8
2024-10-26	Brentford	Ipswich	casa	V	4	3	3	3	9.0	20.0	5.0	10.0	7.0	0	0	1.65	4.33	4.75
2024-10-26	Ipswich	Brentford	fora	D	3	4	3	3	5.0	11.0	5.0	7.0	10.0	1	1	1.65	4.33	4.75
2024-10-26	Brighton	Wolves	casa	E	2	2	3	3	6.0	19.0	9.0	10.0	12.0	3	0	1.62	4.5	4.5
2024-10-26	Wolves	Brighton	fora	E	2	2	3	3	7.0	14.0	6.0	12.0	10.0	3	0	1.62	4.5	4.5
2024-10-26	Man City	Southampton	casa	V	1	0	3	3	8.0	22.0	12.0	9.0	9.0	1	0	1.11	10.0	17.0
2024-10-26	Southampton	Man City	fora	D	0	1	3	3	2.0	5.0	1.0	9.0	9.0	3	0	1.11	10.0	17.0
2024-10-26	Everton	Fulham	casa	E	1	1	3	3	5.0	10.0	4.0	8.0	8.0	1	0	2.75	3.25	2.63
2024-10-26	Fulham	Everton	fora	E	1	1	3	3	3.0	14.0	2.0	8.0	8.0	0	0	2.75	3.25	2.63
2024-10-27	Chelsea	Newcastle	casa	V	2	1	3	3	7.0	17.0	7.0	16.0	13.0	6	0	1.73	4.33	4.2
2024-10-27	Newcastle	Chelsea	fora	D	1	2	3	3	3.0	11.0	4.0	13.0	16.0	3	0	1.73	4.33	4.2
2024-10-27	Crystal Palace	Tottenham	casa	V	1	0	3	3	6.0	14.0	8.0	12.0	16.0	4	0	3.9	4.0	1.83
2024-10-27	Tottenham	Crystal Palace	fora	D	0	1	3	3	3.0	11.0	8.0	16.0	12.0	4	0	3.9	4.0	1.83
2024-10-27	West Ham	Man United	casa	V	2	1	3	3	3.0	12.0	6.0	7.0	6.0	5	0	2.88	3.75	2.3
2024-10-27	Man United	West Ham	fora	D	1	2	3	3	5.0	18.0	5.0	6.0	7.0	1	0	2.88	3.75	2.3
2024-10-27	Arsenal	Liverpool	casa	E	2	2	3	3	3.0	9.0	1.0	14.0	14.0	2	0	2.5	3.25	2.9
2024-10-27	Liverpool	Arsenal	fora	E	2	2	3	3	4.0	9.0	3.0	14.0	14.0	2	0	2.5	3.25	2.9
2024-11-02	Newcastle	Arsenal	casa	V	1	0	3	3	4.0	9.0	4.0	18.0	16.0	4	0	3.75	3.75	1.95
2024-11-02	Arsenal	Newcastle	fora	D	0	1	3	3	1.0	10.0	6.0	16.0	18.0	4	0	3.75	3.75	1.95
2024-11-02	Bournemouth	Man City	casa	V	2	1	3	3	6.0	12.0	3.0	6.0	11.0	2	0	5.5	4.2	1.57
2024-11-02	Man City	Bournemouth	fora	D	1	2	3	3	4.0	18.0	10.0	11.0	6.0	1	0	5.5	4.2	1.57
2024-11-02	Ipswich	Leicester	casa	E	1	1	3	3	2.0	14.0	4.0	10.0	11.0	4	1	2.25	3.5	3.1
2024-11-02	Leicester	Ipswich	fora	E	1	1	3	3	6.0	20.0	6.0	11.0	10.0	2	0	2.25	3.5	3.1
2024-11-02	Liverpool	Brighton	casa	V	2	1	3	3	8.0	16.0	10.0	18.0	10.0	1	0	1.4	5.0	7.5
2024-11-02	Brighton	Liverpool	fora	D	1	2	3	3	5.0	13.0	7.0	10.0	18.0	1	0	1.4	5.0	7.5
2024-11-02	Nott'm Forest	West Ham	casa	V	3	0	3	3	6.0	19.0	11.0	9.0	7.0	1	0	2.15	3.5	3.4
2024-11-02	West Ham	Nott'm Forest	fora	D	0	3	3	3	2.0	4.0	6.0	7.0	9.0	2	1	2.15	3.5	3.4
2024-11-02	Southampton	Everton	casa	V	1	0	3	3	2.0	9.0	3.0	18.0	14.0	4	0	2.63	3.4	2.63
2024-11-02	Everton	Southampton	fora	D	0	1	3	3	5.0	16.0	6.0	14.0	18.0	2	0	2.63	3.4	2.63
2024-11-02	Wolves	Crystal Palace	casa	E	2	2	3	3	6.0	11.0	3.0	9.0	7.0	1	0	2.5	3.4	2.88
2024-11-02	Crystal Palace	Wolves	fora	E	2	2	3	3	7.0	19.0	6.0	7.0	9.0	2	0	2.5	3.4	2.88
2024-11-03	Tottenham	Aston Villa	casa	V	4	1	3	3	6.0	16.0	6.0	14.0	14.0	2	0	1.91	4.0	3.6
2024-11-03	Aston Villa	Tottenham	fora	D	1	4	3	3	1.0	12.0	4.0	14.0	14.0	0	0	1.91	4.0	3.6
2024-11-03	Man United	Chelsea	casa	E	1	1	3	3	4.0	11.0	4.0	14.0	19.0	6	0	2.6	3.5	2.6
2024-11-03	Chelsea	Man United	fora	E	1	1	3	3	3.0	12.0	8.0	19.0	14.0	2	0	2.6	3.5	2.6
2024-11-04	Fulham	Brentford	casa	V	2	1	3	3	12.0	26.0	11.0	10.0	3.0	2	0	2.0	3.7	3.5
2024-11-04	Brentford	Fulham	fora	D	1	2	3	3	2.0	5.0	3.0	3.0	10.0	1	0	2.0	3.7	3.5
2024-11-09	Brentford	Bournemouth	casa	V	3	2	3	3	6.0	12.0	6.0	16.0	8.0	2	0	2.5	3.5	2.7
2024-11-09	Bournemouth	Brentford	fora	D	2	3	3	3	3.0	15.0	4.0	8.0	16.0	4	0	2.5	3.5	2.7
2024-11-09	Crystal Palace	Fulham	casa	D	0	2	3	3	5.0	13.0	1.0	11.0	10.0	1	1	2.7	3.5	2.55
2024-11-09	Fulham	Crystal Palace	fora	V	2	0	3	3	7.0	17.0	8.0	10.0	11.0	1	0	2.7	3.5	2.55
2024-11-09	West Ham	Everton	casa	E	0	0	3	3	6.0	11.0	7.0	9.0	10.0	1	0	2.15	3.4	3.4
2024-11-09	Everton	West Ham	fora	E	0	0	3	3	4.0	18.0	6.0	10.0	9.0	2	0	2.15	3.4	3.4
2024-11-09	Wolves	Southampton	casa	V	2	0	3	3	4.0	8.0	1.0	12.0	14.0	1	0	1.91	3.75	3.75
2024-11-09	Southampton	Wolves	fora	D	0	2	3	3	0.0	9.0	9.0	14.0	12.0	4	0	1.91	3.75	3.75
2024-11-09	Brighton	Man City	casa	V	2	1	3	3	4.0	10.0	0.0	10.0	12.0	3	0	4.1	4.2	1.73
2024-11-09	Man City	Brighton	fora	D	1	2	3	3	6.0	15.0	4.0	12.0	10.0	3	0	4.1	4.2	1.73
2024-11-09	Liverpool	Aston Villa	casa	V	2	0	3	3	5.0	14.0	2.0	15.0	11.0	0	0	1.42	5.25	6.5
2024-11-09	Aston Villa	Liverpool	fora	D	0	2	3	3	2.0	12.0	9.0	11.0	15.0	3	0	1.42	5.25	6.5
2024-11-10	Man United	Leicester	casa	V	3	0	3	3	3.0	13.0	1.0	5.0	9.0	0	0	1.38	5.5	6.5
2024-11-10	Leicester	Man United	fora	D	0	3	3	3	5.0	6.0	5.0	9.0	5.0	1	0	1.38	5.5	6.5
2024-11-10	Nott'm Forest	Newcastle	casa	D	1	3	3	3	3.0	9.0	4.0	6.0	13.0	1	0	2.7	3.3	2.7
2024-11-10	Newcastle	Nott'm Forest	fora	V	3	1	3	3	6.0	17.0	5.0	13.0	6.0	1	0	2.7	3.3	2.7
2024-11-10	Tottenham	Ipswich	casa	D	1	2	3	3	5.0	17.0	12.0	19.0	10.0	1	0	1.25	6.5	9.0
2024-11-10	Ipswich	Tottenham	fora	V	2	1	3	3	3.0	8.0	2.0	10.0	19.0	5	0	1.25	6.5	9.0
2024-11-10	Chelsea	Arsenal	casa	E	1	1	3	3	3.0	17.0	4.0	12.0	12.0	4	0	2.7	3.4	2.55
2024-11-10	Arsenal	Chelsea	fora	E	1	1	3	3	3.0	13.0	3.0	12.0	12.0	2	0	2.7	3.4	2.55
2024-11-23	Leicester	Chelsea	casa	D	1	2	3	3	1.0	4.0	2.0	12.0	15.0	4	0	6.5	4.75	1.44
2024-11-23	Chelsea	Leicester	fora	V	2	1	3	3	7.0	16.0	9.0	15.0	12.0	3	0	6.5	4.75	1.44
2024-11-23	Arsenal	Nott'm Forest	casa	V	3	0	3	3	7.0	19.0	8.0	1.0	10.0	3	0	1.38	4.75	9.0
2024-11-23	Nott'm Forest	Arsenal	fora	D	0	3	3	3	0.0	7.0	1.0	10.0	1.0	2	0	1.38	4.75	9.0
2024-11-23	Aston Villa	Crystal Palace	casa	E	2	2	3	3	5.0	17.0	10.0	11.0	10.0	3	0	1.62	4.0	5.5
2024-11-23	Crystal Palace	Aston Villa	fora	E	2	2	3	3	6.0	13.0	1.0	10.0	11.0	2	0	1.62	4.0	5.5
2024-11-23	Bournemouth	Brighton	casa	D	1	2	3	3	5.0	19.0	7.0	10.0	13.0	2	0	2.4	3.6	2.8
2024-11-23	Brighton	Bournemouth	fora	V	2	1	3	3	4.0	6.0	0.0	13.0	10.0	2	1	2.4	3.6	2.8
2024-11-23	Everton	Brentford	casa	E	0	0	3	3	5.0	27.0	10.0	10.0	8.0	0	0	2.45	3.4	2.88
2024-11-23	Brentford	Everton	fora	E	0	0	3	3	2.0	9.0	4.0	8.0	10.0	0	1	2.45	3.4	2.88
2024-11-23	Fulham	Wolves	casa	D	1	4	3	3	3.0	10.0	7.0	14.0	14.0	3	0	1.62	4.0	5.25
2024-11-23	Wolves	Fulham	fora	V	4	1	3	3	5.0	10.0	2.0	14.0	14.0	0	0	1.62	4.0	5.25
2024-11-23	Man City	Tottenham	casa	D	0	4	3	3	5.0	23.0	9.0	9.0	19.0	4	0	1.48	4.75	6.0
2024-11-23	Tottenham	Man City	fora	V	4	0	3	3	7.0	9.0	3.0	19.0	9.0	2	0	1.48	4.75	6.0
2024-11-24	Southampton	Liverpool	casa	D	2	3	3	3	5.0	7.0	3.0	9.0	11.0	3	0	11.0	5.75	1.27
2024-11-24	Liverpool	Southampton	fora	V	3	2	3	3	11.0	27.0	10.0	11.0	9.0	4	0	11.0	5.75	1.27
2024-11-24	Ipswich	Man United	casa	E	1	1	3	3	6.0	11.0	4.0	10.0	11.0	0	0	5.25	4.0	1.62
2024-11-24	Man United	Ipswich	fora	E	1	1	3	3	4.0	11.0	3.0	11.0	10.0	0	0	5.25	4.0	1.62
2024-11-25	Newcastle	West Ham	casa	D	0	2	3	3	2.0	18.0	8.0	8.0	11.0	1	0	1.5	4.5	6.0
2024-11-25	West Ham	Newcastle	fora	V	2	0	3	3	6.0	15.0	3.0	11.0	8.0	0	0	1.5	4.5	6.0
2024-11-29	Brighton	Southampton	casa	E	1	1	3	3	5.0	22.0	7.0	16.0	20.0	2	0	1.38	5.0	7.5
2024-11-29	Southampton	Brighton	fora	E	1	1	3	3	2.0	10.0	6.0	20.0	16.0	4	0	1.38	5.0	7.5
2024-11-30	Brentford	Leicester	casa	V	4	1	3	3	6.0	13.0	5.0	10.0	9.0	1	0	1.65	4.2	4.75
2024-11-30	Leicester	Brentford	fora	D	1	4	3	3	3.0	7.0	4.0	9.0	10.0	1	0	1.65	4.2	4.75
2024-11-30	Crystal Palace	Newcastle	casa	E	1	1	3	3	4.0	16.0	8.0	11.0	12.0	3	0	2.9	3.6	2.3
2024-11-30	Newcastle	Crystal Palace	fora	E	1	1	3	3	0.0	1.0	9.0	12.0	11.0	3	0	2.9	3.6	2.3
2024-11-30	Nott'm Forest	Ipswich	casa	V	1	0	3	3	5.0	12.0	8.0	16.0	5.0	1	0	1.7	3.8	4.75
2024-11-30	Ipswich	Nott'm Forest	fora	D	0	1	3	3	3.0	7.0	7.0	5.0	16.0	3	0	1.7	3.8	4.75
2024-11-30	Wolves	Bournemouth	casa	D	2	4	3	3	3.0	10.0	3.0	11.0	13.0	4	0	2.8	3.6	2.4
2024-11-30	Bournemouth	Wolves	fora	V	4	2	3	3	8.0	12.0	4.0	13.0	11.0	1	0	2.8	3.6	2.4
2024-11-30	West Ham	Arsenal	casa	D	2	5	3	3	5.0	12.0	2.0	13.0	10.0	4	0	7.0	4.5	1.45
2024-11-30	Arsenal	West Ham	fora	V	5	2	3	3	7.0	16.0	10.0	10.0	13.0	1	0	7.0	4.5	1.45
2024-12-01	Chelsea	Aston Villa	casa	V	3	0	3	3	8.0	17.0	3.0	6.0	21.0	2	0	1.7	4.1	4.5
2024-12-01	Aston Villa	Chelsea	fora	D	0	3	3	3	4.0	10.0	4.0	21.0	6.0	2	0	1.7	4.1	4.5
2024-12-01	Man United	Everton	casa	V	4	0	3	3	5.0	11.0	2.0	12.0	12.0	2	0	1.53	4.2	6.0
2024-12-01	Everton	Man United	fora	D	0	4	3	3	2.0	8.0	2.0	12.0	12.0	3	0	1.53	4.2	6.0
2024-12-01	Tottenham	Fulham	casa	E	1	1	3	3	3.0	8.0	7.0	14.0	4.0	0	0	1.7	4.5	4.1
2024-12-01	Fulham	Tottenham	fora	E	1	1	3	3	6.0	14.0	11.0	4.0	14.0	1	1	1.7	4.5	4.1
2024-12-01	Liverpool	Man City	casa	V	2	0	3	3	7.0	18.0	7.0	8.0	9.0	1	0	2.1	3.6	3.3
2024-12-01	Man City	Liverpool	fora	D	0	2	3	3	2.0	8.0	4.0	9.0	8.0	3	0	2.1	3.6	3.3
2024-12-03	Ipswich	Crystal Palace	casa	D	0	1	3	3	2.0	9.0	4.0	13.0	14.0	2	0	3.0	3.4	2.35
2024-12-03	Crystal Palace	Ipswich	fora	V	1	0	3	3	3.0	13.0	7.0	14.0	13.0	4	0	3.0	3.4	2.35
2024-12-03	Leicester	West Ham	casa	V	3	1	3	3	6.0	8.0	3.0	7.0	9.0	2	0	2.9	3.4	2.38
2024-12-03	West Ham	Leicester	fora	D	1	3	3	3	10.0	31.0	9.0	9.0	7.0	2	0	2.9	3.4	2.38
2024-12-04	Everton	Wolves	casa	V	4	0	3	3	4.0	13.0	3.0	8.0	10.0	2	0	2.1	3.4	3.5
2024-12-04	Wolves	Everton	fora	D	0	4	3	3	2.0	6.0	4.0	10.0	8.0	0	0	2.1	3.4	3.5
2024-12-04	Man City	Nott'm Forest	casa	V	3	0	3	3	7.0	17.0	8.0	15.0	7.0	2	0	1.36	4.75	9.0
2024-12-04	Nott'm Forest	Man City	fora	D	0	3	3	3	3.0	12.0	2.0	7.0	15.0	4	0	1.36	4.75	9.0
2024-12-04	Newcastle	Liverpool	casa	E	3	3	3	3	6.0	17.0	5.0	17.0	9.0	2	0	4.2	4.0	1.75
2024-12-04	Liverpool	Newcastle	fora	E	3	3	3	3	5.0	16.0	6.0	9.0	17.0	5	0	4.2	4.0	1.75
2024-12-04	Southampton	Chelsea	casa	D	1	5	3	3	4.0	6.0	5.0	14.0	7.0	1	1	8.5	5.25	1.33
2024-12-04	Chelsea	Southampton	fora	V	5	1	3	3	13.0	26.0	7.0	7.0	14.0	0	0	8.5	5.25	1.33
2024-12-04	Arsenal	Man United	casa	V	2	0	3	3	6.0	14.0	13.0	8.0	12.0	1	0	1.44	4.5	7.0
2024-12-04	Man United	Arsenal	fora	D	0	2	3	3	2.0	5.0	0.0	12.0	8.0	3	0	1.44	4.5	7.0
2024-12-04	Aston Villa	Brentford	casa	V	3	1	3	3	10.0	20.0	10.0	15.0	11.0	2	0	1.8	3.75	4.33
2024-12-04	Brentford	Aston Villa	fora	D	1	3	3	3	1.0	9.0	5.0	11.0	15.0	2	0	1.8	3.75	4.33
2024-12-05	Fulham	Brighton	casa	V	3	1	3	3	2.0	6.0	5.0	8.0	7.0	2	0	2.35	3.6	2.88
2024-12-05	Brighton	Fulham	fora	D	1	3	3	3	3.0	13.0	6.0	7.0	8.0	2	0	2.35	3.6	2.88
2024-12-05	Bournemouth	Tottenham	casa	V	1	0	3	3	8.0	21.0	5.0	8.0	15.0	2	0	2.63	3.75	2.45
2024-12-05	Tottenham	Bournemouth	fora	D	0	1	3	3	4.0	12.0	9.0	15.0	8.0	2	0	2.63	3.75	2.45
2024-12-07	Aston Villa	Southampton	casa	V	1	0	3	3	5.0	18.0	14.0	15.0	18.0	1	0	1.36	5.5	7.0
2024-12-07	Southampton	Aston Villa	fora	D	0	1	3	3	0.0	4.0	1.0	18.0	15.0	3	0	1.36	5.5	7.0
2024-12-07	Brentford	Newcastle	casa	V	4	2	3	3	8.0	11.0	3.0	7.0	10.0	3	0	2.88	3.75	2.3
2024-12-07	Newcastle	Brentford	fora	D	2	4	3	3	3.0	16.0	4.0	10.0	7.0	0	0	2.88	3.75	2.3
2024-12-07	Crystal Palace	Man City	casa	E	2	2	3	3	3.0	12.0	6.0	10.0	4.0	1	0	5.5	4.2	1.57
2024-12-07	Man City	Crystal Palace	fora	E	2	2	3	3	4.0	12.0	8.0	4.0	10.0	0	1	5.5	4.2	1.57
2024-12-07	Man United	Nott'm Forest	casa	D	2	3	3	3	7.0	17.0	5.0	13.0	10.0	0	0	1.65	3.9	5.25
2024-12-07	Nott'm Forest	Man United	fora	V	3	2	3	3	3.0	11.0	3.0	10.0	13.0	2	0	1.65	3.9	5.25
2024-12-08	Fulham	Arsenal	casa	E	1	1	3	3	2.0	2.0	0.0	9.0	10.0	4	0	5.0	4.33	1.6
2024-12-08	Arsenal	Fulham	fora	E	1	1	3	3	4.0	12.0	6.0	10.0	9.0	2	0	5.0	4.33	1.6
2024-12-08	Ipswich	Bournemouth	casa	D	1	2	3	3	5.0	18.0	6.0	13.0	9.0	2	0	3.5	3.75	2.0
2024-12-08	Bournemouth	Ipswich	fora	V	2	1	3	3	6.0	22.0	13.0	9.0	13.0	1	0	3.5	3.75	2.0
2024-12-08	Leicester	Brighton	casa	E	2	2	3	3	3.0	10.0	5.0	10.0	9.0	1	0	4.5	3.8	1.73
2024-12-08	Brighton	Leicester	fora	E	2	2	3	3	7.0	16.0	5.0	9.0	10.0	2	0	4.5	3.8	1.73
2024-12-08	Tottenham	Chelsea	casa	D	3	4	3	3	5.0	13.0	5.0	11.0	17.0	2	0	3.4	3.9	2.0
2024-12-08	Chelsea	Tottenham	fora	V	4	3	3	3	8.0	17.0	10.0	17.0	11.0	2	0	3.4	3.9	2.0
2024-12-09	West Ham	Wolves	casa	V	2	1	3	3	4.0	19.0	11.0	17.0	12.0	5	0	1.9	3.9	3.75
2024-12-09	Wolves	West Ham	fora	D	1	2	3	3	5.0	19.0	0.0	12.0	17.0	4	0	1.9	3.9	3.75
2024-12-14	Arsenal	Everton	casa	E	0	0	3	3	5.0	13.0	8.0	9.0	6.0	0	0	1.22	6.5	12.0
2024-12-14	Everton	Arsenal	fora	E	0	0	3	3	0.0	2.0	2.0	6.0	9.0	3	0	1.22	6.5	12.0
2024-12-14	Liverpool	Fulham	casa	E	2	2	3	3	4.0	16.0	5.0	7.0	10.0	3	1	1.33	5.5	8.0
2024-12-14	Fulham	Liverpool	fora	E	2	2	3	3	3.0	12.0	4.0	10.0	7.0	4	0	1.33	5.5	8.0
2024-12-14	Newcastle	Leicester	casa	V	4	0	3	3	11.0	27.0	5.0	16.0	7.0	3	0	1.3	6.0	8.5
2024-12-14	Leicester	Newcastle	fora	D	0	4	3	3	1.0	4.0	2.0	7.0	16.0	3	0	1.3	6.0	8.5
2024-12-14	Wolves	Ipswich	casa	D	1	2	3	3	6.0	16.0	7.0	9.0	13.0	0	1	1.9	3.8	3.8
2024-12-14	Ipswich	Wolves	fora	V	2	1	3	3	5.0	10.0	3.0	13.0	9.0	2	0	1.9	3.8	3.8
2024-12-14	Nott'm Forest	Aston Villa	casa	V	2	1	3	3	6.0	17.0	4.0	6.0	12.0	0	0	2.63	3.3	2.7
2024-12-14	Aston Villa	Nott'm Forest	fora	D	1	2	3	3	2.0	8.0	3.0	12.0	6.0	1	0	2.63	3.3	2.7
2024-12-15	Brighton	Crystal Palace	casa	D	1	3	3	3	5.0	17.0	8.0	15.0	11.0	1	0	1.85	3.8	3.9
2024-12-15	Crystal Palace	Brighton	fora	V	3	1	3	3	5.0	13.0	5.0	11.0	15.0	4	0	1.85	3.8	3.9
2024-12-15	Man City	Man United	casa	D	1	2	3	3	3.0	10.0	8.0	14.0	5.0	1	0	1.57	4.5	5.0
2024-12-15	Man United	Man City	fora	V	2	1	3	3	3.0	10.0	2.0	5.0	14.0	1	0	1.57	4.5	5.0
2024-12-15	Chelsea	Brentford	casa	V	2	1	3	3	8.0	26.0	8.0	7.0	11.0	0	1	1.33	6.0	7.5
2024-12-15	Brentford	Chelsea	fora	D	1	2	3	3	4.0	9.0	5.0	11.0	7.0	2	0	1.33	6.0	7.5
2024-12-15	Southampton	Tottenham	casa	D	0	5	3	3	3.0	9.0	2.0	15.0	8.0	1	0	4.33	4.5	1.67
2024-12-15	Tottenham	Southampton	fora	V	5	0	3	3	9.0	18.0	5.0	8.0	15.0	3	0	4.33	4.5	1.67
2024-12-16	Bournemouth	West Ham	casa	E	1	1	3	3	9.0	29.0	12.0	11.0	6.0	0	0	1.7	4.0	4.75
2024-12-16	West Ham	Bournemouth	fora	E	1	1	3	3	3.0	16.0	6.0	6.0	11.0	2	0	1.7	4.0	4.75
2024-12-21	Aston Villa	Man City	casa	V	2	1	3	3	6.0	11.0	5.0	7.0	14.0	3	0	3.25	3.7	2.1
2024-12-21	Man City	Aston Villa	fora	D	1	2	3	3	6.0	12.0	4.0	14.0	7.0	3	0	3.25	3.7	2.1
2024-12-21	Brentford	Nott'm Forest	casa	D	0	2	3	3	3.0	7.0	9.0	14.0	9.0	3	0	2.3	3.6	2.9
2024-12-21	Nott'm Forest	Brentford	fora	V	2	0	3	3	6.0	10.0	5.0	9.0	14.0	4	0	2.3	3.6	2.9
2024-12-21	Ipswich	Newcastle	casa	D	0	4	3	3	2.0	10.0	2.0	7.0	9.0	2	0	4.75	3.75	1.73
2024-12-21	Newcastle	Ipswich	fora	V	4	0	3	3	7.0	15.0	1.0	9.0	7.0	0	0	4.75	3.75	1.73
2024-12-21	West Ham	Brighton	casa	E	1	1	3	3	4.0	11.0	8.0	20.0	14.0	2	0	2.88	3.7	2.35
2024-12-21	Brighton	West Ham	fora	E	1	1	3	3	6.0	12.0	4.0	14.0	20.0	2	0	2.88	3.7	2.35
2024-12-21	Crystal Palace	Arsenal	casa	D	1	5	3	3	6.0	15.0	3.0	8.0	9.0	2	0	6.25	4.2	1.55
2024-12-21	Arsenal	Crystal Palace	fora	V	5	1	3	3	6.0	14.0	3.0	9.0	8.0	2	0	6.25	4.2	1.55
2024-12-22	Everton	Chelsea	casa	E	0	0	3	3	4.0	5.0	2.0	12.0	20.0	4	0	5.0	4.2	1.62
2024-12-22	Chelsea	Everton	fora	E	0	0	3	3	5.0	12.0	5.0	20.0	12.0	1	0	5.0	4.2	1.62
2024-12-22	Fulham	Southampton	casa	E	0	0	3	3	5.0	16.0	6.0	15.0	8.0	1	0	1.42	4.75	7.0
2024-12-22	Southampton	Fulham	fora	E	0	0	3	3	1.0	5.0	5.0	8.0	15.0	3	0	1.42	4.75	7.0
2024-12-22	Leicester	Wolves	casa	D	0	3	3	3	5.0	9.0	6.0	16.0	15.0	2	0	2.55	3.4	2.7
2024-12-22	Wolves	Leicester	fora	V	3	0	3	3	4.0	8.0	1.0	15.0	16.0	0	0	2.55	3.4	2.7
2024-12-22	Man United	Bournemouth	casa	D	0	3	3	3	7.0	23.0	13.0	11.0	11.0	1	0	1.8	3.8	4.2
2024-12-22	Bournemouth	Man United	fora	V	3	0	3	3	5.0	10.0	1.0	11.0	11.0	3	0	1.8	3.8	4.2
2024-12-22	Tottenham	Liverpool	casa	D	3	6	3	3	5.0	9.0	7.0	9.0	7.0	1	0	4.5	4.0	1.73
2024-12-22	Liverpool	Tottenham	fora	V	6	3	3	3	12.0	24.0	5.0	7.0	9.0	2	0	4.5	4.0	1.73
2024-12-26	Man City	Everton	casa	E	1	1	3	3	5.0	24.0	8.0	10.0	5.0	1	0	1.33	5.5	7.5
2024-12-26	Everton	Man City	fora	E	1	1	3	3	3.0	8.0	5.0	5.0	10.0	4	0	1.33	5.5	7.5
2024-12-26	Bournemouth	Crystal Palace	casa	E	0	0	3	3	4.0	18.0	5.0	12.0	13.0	2	0	1.9	3.8	3.8
2024-12-26	Crystal Palace	Bournemouth	fora	E	0	0	3	3	4.0	10.0	2.0	13.0	12.0	2	0	1.9	3.8	3.8
2024-12-26	Chelsea	Fulham	casa	D	1	2	3	3	8.0	12.0	3.0	13.0	13.0	1	0	1.48	4.75	6.0
2024-12-26	Fulham	Chelsea	fora	V	2	1	3	3	7.0	14.0	1.0	13.0	13.0	3	0	1.48	4.75	6.0
2024-12-26	Newcastle	Aston Villa	casa	V	3	0	3	3	8.0	22.0	9.0	10.0	15.0	2	0	1.91	3.8	3.75
2024-12-26	Aston Villa	Newcastle	fora	D	0	3	3	3	1.0	4.0	6.0	15.0	10.0	1	1	1.91	3.8	3.75
2024-12-26	Nott'm Forest	Tottenham	casa	V	1	0	3	3	3.0	10.0	2.0	13.0	12.0	3	0	2.3	3.75	2.88
2024-12-26	Tottenham	Nott'm Forest	fora	D	0	1	3	3	4.0	13.0	7.0	12.0	13.0	2	1	2.3	3.75	2.88
2024-12-26	Southampton	West Ham	casa	D	0	1	3	3	5.0	18.0	2.0	8.0	15.0	1	0	3.25	3.5	2.2
2024-12-26	West Ham	Southampton	fora	V	1	0	3	3	2.0	16.0	2.0	15.0	8.0	2	0	3.25	3.5	2.2
2024-12-26	Wolves	Man United	casa	V	2	0	3	3	4.0	7.0	4.0	12.0	12.0	2	0	3.9	3.7	1.91
2024-12-26	Man United	Wolves	fora	D	0	2	3	3	4.0	11.0	4.0	12.0	12.0	2	1	3.9	3.7	1.91
2024-12-26	Liverpool	Leicester	casa	V	3	1	3	3	7.0	19.0	14.0	5.0	17.0	3	0	1.08	12.0	23.0
2024-12-26	Leicester	Liverpool	fora	D	1	3	3	3	1.0	4.0	1.0	17.0	5.0	2	0	1.08	12.0	23.0
2024-12-27	Brighton	Brentford	casa	E	0	0	3	3	7.0	24.0	5.0	12.0	6.0	0	0	1.62	4.33	4.75
2024-12-27	Brentford	Brighton	fora	E	0	0	3	3	3.0	8.0	3.0	6.0	12.0	2	0	1.62	4.33	4.75
2024-12-27	Arsenal	Ipswich	casa	V	1	0	3	3	5.0	13.0	5.0	12.0	7.0	1	0	1.14	9.0	15.0
2024-12-27	Ipswich	Arsenal	fora	D	0	1	3	3	0.0	3.0	1.0	7.0	12.0	1	0	1.14	9.0	15.0
2024-12-29	Leicester	Man City	casa	D	0	2	3	3	4.0	11.0	4.0	6.0	11.0	2	0	7.5	5.5	1.36
2024-12-29	Man City	Leicester	fora	V	2	0	3	3	5.0	14.0	4.0	11.0	6.0	1	0	7.5	5.5	1.36
2024-12-29	Crystal Palace	Southampton	casa	V	2	1	3	3	10.0	19.0	8.0	19.0	18.0	2	0	1.57	3.9	5.5
2024-12-29	Southampton	Crystal Palace	fora	D	1	2	3	3	3.0	7.0	7.0	18.0	19.0	3	0	1.57	3.9	5.5
2024-12-29	Everton	Nott'm Forest	casa	D	0	2	3	3	2.0	13.0	5.0	10.0	13.0	4	0	2.6	3.2	2.8
2024-12-29	Nott'm Forest	Everton	fora	V	2	0	3	3	7.0	11.0	4.0	13.0	10.0	1	0	2.6	3.2	2.8
2024-12-29	Fulham	Bournemouth	casa	E	2	2	3	3	6.0	11.0	1.0	16.0	7.0	1	0	2.3	3.6	2.88
2024-12-29	Bournemouth	Fulham	fora	E	2	2	3	3	9.0	16.0	7.0	7.0	16.0	3	0	2.3	3.6	2.88
2024-12-29	Tottenham	Wolves	casa	E	2	2	3	3	3.0	13.0	5.0	10.0	9.0	1	0	1.6	5.0	4.2
2024-12-29	Wolves	Tottenham	fora	E	2	2	3	3	3.0	11.0	5.0	9.0	10.0	2	0	1.6	5.0	4.2
2024-12-29	West Ham	Liverpool	casa	D	0	5	3	3	0.0	7.0	3.0	10.0	7.0	0	0	7.0	5.0	1.4
2024-12-29	Liverpool	West Ham	fora	V	5	0	3	3	13.0	22.0	6.0	7.0	10.0	0	0	7.0	5.0	1.4
2024-12-30	Aston Villa	Brighton	casa	E	2	2	3	3	4.0	20.0	12.0	14.0	9.0	2	0	1.9	3.8	3.6
2024-12-30	Brighton	Aston Villa	fora	E	2	2	3	3	4.0	13.0	3.0	9.0	14.0	3	0	1.9	3.8	3.6
2024-12-30	Ipswich	Chelsea	casa	V	2	0	3	3	6.0	9.0	4.0	5.0	9.0	4	0	6.5	4.75	1.42
2024-12-30	Chelsea	Ipswich	fora	D	0	2	3	3	5.0	20.0	7.0	9.0	5.0	4	0	6.5	4.75	1.42
2024-12-30	Man United	Newcastle	casa	D	0	2	3	3	0.0	10.0	2.0	8.0	13.0	1	0	2.75	3.5	2.55
2024-12-30	Newcastle	Man United	fora	V	2	0	3	3	4.0	12.0	3.0	13.0	8.0	1	0	2.75	3.5	2.55
2025-01-01	Brentford	Arsenal	casa	D	1	3	3	3	2.0	5.0	4.0	8.0	6.0	1	0	6.5	4.75	1.44
2025-01-01	Arsenal	Brentford	fora	V	3	1	3	3	5.0	14.0	3.0	6.0	8.0	2	0	6.5	4.75	1.44
2025-01-04	Tottenham	Newcastle	casa	D	1	2	3	3	4.0	13.0	9.0	15.0	11.0	1	0	2.88	3.8	2.25
2025-01-04	Newcastle	Tottenham	fora	V	2	1	3	3	4.0	14.0	10.0	11.0	15.0	4	0	2.88	3.8	2.25
2025-01-04	Aston Villa	Leicester	casa	V	2	1	3	3	5.0	13.0	7.0	11.0	10.0	0	0	1.33	5.5	8.5
2025-01-04	Leicester	Aston Villa	fora	D	1	2	3	3	2.0	4.0	2.0	10.0	11.0	1	0	1.33	5.5	8.5
2025-01-04	Bournemouth	Everton	casa	V	1	0	3	3	8.0	19.0	9.0	14.0	15.0	2	0	1.73	3.75	4.75
2025-01-04	Everton	Bournemouth	fora	D	0	1	3	3	0.0	9.0	3.0	15.0	14.0	2	0	1.73	3.75	4.75
2025-01-04	Crystal Palace	Chelsea	casa	E	1	1	3	3	6.0	13.0	6.0	12.0	9.0	0	0	3.8	3.75	1.91
2025-01-04	Chelsea	Crystal Palace	fora	E	1	1	3	3	1.0	15.0	6.0	9.0	12.0	2	0	3.8	3.75	1.91
2025-01-04	Man City	West Ham	casa	V	4	1	3	3	7.0	10.0	7.0	13.0	8.0	2	0	1.3	6.25	7.5
2025-01-04	West Ham	Man City	fora	D	1	4	3	3	4.0	17.0	1.0	8.0	13.0	1	0	1.3	6.25	7.5
2025-01-04	Southampton	Brentford	casa	D	0	5	3	3	1.0	8.0	2.0	4.0	10.0	2	0	3.0	3.4	2.4
2025-01-04	Brentford	Southampton	fora	V	5	0	3	3	11.0	20.0	2.0	10.0	4.0	0	0	3.0	3.4	2.4
2025-01-04	Brighton	Arsenal	casa	E	1	1	3	3	4.0	11.0	2.0	14.0	17.0	2	0	4.33	3.75	1.8
2025-01-04	Arsenal	Brighton	fora	E	1	1	3	3	3.0	9.0	5.0	17.0	14.0	3	0	4.33	3.75	1.8
2025-01-05	Fulham	Ipswich	casa	E	2	2	3	3	4.0	15.0	9.0	14.0	10.0	1	0	1.55	4.2	5.75
2025-01-05	Ipswich	Fulham	fora	E	2	2	3	3	3.0	7.0	2.0	10.0	14.0	5	0	1.55	4.2	5.75
2025-01-05	Liverpool	Man United	casa	E	2	2	3	3	6.0	19.0	6.0	13.0	10.0	2	0	1.29	6.25	8.0
2025-01-05	Man United	Liverpool	fora	E	2	2	3	3	4.0	13.0	9.0	10.0	13.0	4	0	1.29	6.25	8.0
2025-01-06	Wolves	Nott'm Forest	casa	D	0	3	3	3	6.0	13.0	5.0	8.0	10.0	1	0	3.3	3.2	2.3
2025-01-06	Nott'm Forest	Wolves	fora	V	3	0	3	3	3.0	11.0	3.0	10.0	8.0	2	0	3.3	3.2	2.3
2025-01-14	Brentford	Man City	casa	E	2	2	3	3	6.0	18.0	4.0	4.0	4.0	0	0	4.75	4.2	1.62
2025-01-14	Man City	Brentford	fora	E	2	2	3	3	8.0	21.0	5.0	4.0	4.0	0	0	4.75	4.2	1.62
2025-01-14	Chelsea	Bournemouth	casa	E	2	2	3	3	10.0	26.0	9.0	16.0	15.0	2	0	1.48	4.75	6.0
2025-01-14	Bournemouth	Chelsea	fora	E	2	2	3	3	3.0	7.0	3.0	15.0	16.0	3	0	1.48	4.75	6.0
2025-01-14	West Ham	Fulham	casa	V	3	2	3	3	3.0	4.0	0.0	18.0	9.0	3	0	3.0	3.4	2.38
2025-01-14	Fulham	West Ham	fora	D	2	3	3	3	5.0	21.0	3.0	9.0	18.0	3	0	3.0	3.4	2.38
2025-01-14	Nott'm Forest	Liverpool	casa	E	1	1	3	3	3.0	6.0	0.0	10.0	7.0	2	0	5.25	4.1	1.62
2025-01-14	Liverpool	Nott'm Forest	fora	E	1	1	3	3	7.0	23.0	9.0	7.0	10.0	1	0	5.25	4.1	1.62
2025-01-15	Everton	Aston Villa	casa	D	0	1	3	3	3.0	10.0	8.0	10.0	17.0	2	0	3.25	3.2	2.3
2025-01-15	Aston Villa	Everton	fora	V	1	0	3	3	3.0	11.0	5.0	17.0	10.0	1	0	3.25	3.2	2.3
2025-01-15	Leicester	Crystal Palace	casa	D	0	2	3	3	4.0	21.0	4.0	6.0	7.0	0	0	3.9	3.6	1.91
2025-01-15	Crystal Palace	Leicester	fora	V	2	0	3	3	4.0	9.0	3.0	7.0	6.0	0	0	3.9	3.6	1.91
2025-01-15	Newcastle	Wolves	casa	V	3	0	3	3	5.0	17.0	4.0	13.0	10.0	0	0	1.36	5.5	8.0
2025-01-15	Wolves	Newcastle	fora	D	0	3	3	3	7.0	13.0	2.0	10.0	13.0	2	0	1.36	5.5	8.0
2025-01-15	Arsenal	Tottenham	casa	V	2	1	3	3	4.0	14.0	10.0	9.0	16.0	3	0	1.4	5.25	7.0
2025-01-15	Tottenham	Arsenal	fora	D	1	2	3	3	2.0	10.0	4.0	16.0	9.0	1	0	1.4	5.25	7.0
2025-01-16	Ipswich	Brighton	casa	D	0	2	3	3	3.0	5.0	1.0	14.0	13.0	2	0	3.9	3.7	1.91
2025-01-16	Brighton	Ipswich	fora	V	2	0	3	3	5.0	11.0	9.0	13.0	14.0	2	0	3.9	3.7	1.91
2025-01-16	Man United	Southampton	casa	V	3	1	3	3	9.0	23.0	5.0	10.0	7.0	1	0	1.29	6.0	9.5
2025-01-16	Southampton	Man United	fora	D	1	3	3	3	5.0	13.0	4.0	7.0	10.0	3	0	1.29	6.0	9.5
2025-01-18	Newcastle	Bournemouth	casa	D	1	4	3	3	5.0	13.0	7.0	18.0	7.0	1	0	1.62	4.2	5.0
2025-01-18	Bournemouth	Newcastle	fora	V	4	1	3	3	10.0	19.0	6.0	7.0	18.0	6	0	1.62	4.2	5.0
2025-01-18	Brentford	Liverpool	casa	D	0	2	3	3	6.0	11.0	2.0	14.0	6.0	2	0	6.5	5.0	1.42
2025-01-18	Liverpool	Brentford	fora	V	2	0	3	3	8.0	37.0	15.0	6.0	14.0	3	0	6.5	5.0	1.42
2025-01-18	Leicester	Fulham	casa	D	0	2	3	3	4.0	8.0	5.0	8.0	8.0	3	0	4.33	3.7	1.8
2025-01-18	Fulham	Leicester	fora	V	2	0	3	3	2.0	17.0	2.0	8.0	8.0	1	0	4.33	3.7	1.8
2025-01-18	West Ham	Crystal Palace	casa	D	0	2	3	3	0.0	7.0	2.0	10.0	13.0	1	1	2.6	3.5	2.63
2025-01-18	Crystal Palace	West Ham	fora	V	2	0	3	3	7.0	12.0	4.0	13.0	10.0	0	0	2.6	3.5	2.63
2025-01-18	Arsenal	Aston Villa	casa	E	2	2	3	3	6.0	18.0	10.0	18.0	10.0	2	0	1.5	4.1	7.0
2025-01-18	Aston Villa	Arsenal	fora	E	2	2	3	3	4.0	8.0	1.0	10.0	18.0	3	0	1.5	4.1	7.0
2025-01-19	Everton	Tottenham	casa	V	3	2	3	3	6.0	12.0	3.0	14.0	14.0	2	0	2.8	3.5	2.45
2025-01-19	Tottenham	Everton	fora	D	2	3	3	3	6.0	11.0	8.0	14.0	14.0	1	0	2.8	3.5	2.45
2025-01-19	Man United	Brighton	casa	D	1	3	3	3	1.0	10.0	4.0	12.0	13.0	3	0	2.1	3.6	3.3
2025-01-19	Brighton	Man United	fora	V	3	1	3	3	3.0	6.0	2.0	13.0	12.0	3	0	2.1	3.6	3.3
2025-01-19	Nott'm Forest	Southampton	casa	V	3	2	3	3	5.0	14.0	2.0	18.0	4.0	0	0	1.38	4.75	8.0
2025-01-19	Southampton	Nott'm Forest	fora	D	2	3	3	3	4.0	10.0	8.0	4.0	18.0	4	0	1.38	4.75	8.0
2025-01-19	Ipswich	Man City	casa	D	0	6	3	3	4.0	8.0	4.0	7.0	4.0	0	0	7.5	5.25	1.36
2025-01-19	Man City	Ipswich	fora	V	6	0	3	3	9.0	17.0	7.0	4.0	7.0	1	0	7.5	5.25	1.36
2025-01-20	Chelsea	Wolves	casa	V	3	1	3	3	7.0	19.0	3.0	14.0	8.0	4	0	1.36	5.75	6.5
2025-01-20	Wolves	Chelsea	fora	D	1	3	3	3	4.0	9.0	6.0	8.0	14.0	2	0	1.36	5.75	6.5
2025-01-25	Bournemouth	Nott'm Forest	casa	V	5	0	3	3	10.0	16.0	3.0	12.0	9.0	2	0	2.05	3.7	3.4
2025-01-25	Nott'm Forest	Bournemouth	fora	D	0	5	3	3	4.0	18.0	9.0	9.0	12.0	3	0	2.05	3.7	3.4
2025-01-25	Brighton	Everton	casa	D	0	1	3	3	1.0	16.0	9.0	11.0	8.0	3	0	1.67	3.75	5.5
2025-01-25	Everton	Brighton	fora	V	1	0	3	3	1.0	3.0	1.0	8.0	11.0	4	0	1.67	3.75	5.5
2025-01-25	Liverpool	Ipswich	casa	V	4	1	3	3	6.0	16.0	3.0	11.0	10.0	0	0	1.08	12.0	15.0
2025-01-25	Ipswich	Liverpool	fora	D	1	4	3	3	3.0	3.0	4.0	10.0	11.0	2	0	1.08	12.0	15.0
2025-01-25	Southampton	Newcastle	casa	D	1	3	3	3	5.0	12.0	3.0	5.0	10.0	1	0	6.5	5.25	1.42
2025-01-25	Newcastle	Southampton	fora	V	3	1	3	3	9.0	17.0	8.0	10.0	5.0	0	0	6.5	5.25	1.42
2025-01-25	Wolves	Arsenal	casa	D	0	1	3	3	4.0	9.0	1.0	10.0	20.0	0	1	7.0	4.5	1.45
2025-01-25	Arsenal	Wolves	fora	V	1	0	3	3	3.0	9.0	5.0	20.0	10.0	1	1	7.0	4.5	1.45
2025-01-25	Man City	Chelsea	casa	V	3	1	3	3	6.0	15.0	2.0	8.0	6.0	3	0	2.05	4.0	3.3
2025-01-25	Chelsea	Man City	fora	D	1	3	3	3	4.0	10.0	4.0	6.0	8.0	2	0	2.05	4.0	3.3
2025-01-26	Crystal Palace	Brentford	casa	D	1	2	3	3	5.0	16.0	4.0	11.0	8.0	2	0	2.05	3.75	3.3
2025-01-26	Brentford	Crystal Palace	fora	V	2	1	3	3	6.0	13.0	7.0	8.0	11.0	2	0	2.05	3.75	3.3
2025-01-26	Tottenham	Leicester	casa	D	1	2	3	3	6.0	15.0	6.0	16.0	6.0	1	0	1.45	5.5	5.5
2025-01-26	Leicester	Tottenham	fora	V	2	1	3	3	3.0	12.0	4.0	6.0	16.0	5	0	1.45	5.5	5.5
2025-01-26	Aston Villa	West Ham	casa	E	1	1	3	3	4.0	14.0	4.0	16.0	13.0	2	0	1.53	4.33	5.75
2025-01-26	West Ham	Aston Villa	fora	E	1	1	3	3	4.0	14.0	3.0	13.0	16.0	3	0	1.53	4.33	5.75
2025-01-26	Fulham	Man United	casa	D	0	1	3	3	3.0	9.0	3.0	9.0	7.0	0	0	2.3	3.4	3.1
2025-01-26	Man United	Fulham	fora	V	1	0	3	3	1.0	4.0	0.0	7.0	9.0	1	0	2.3	3.4	3.1
2025-02-01	Nott'm Forest	Brighton	casa	V	7	0	3	3	9.0	14.0	4.0	13.0	8.0	1	0	2.38	3.5	2.8
2025-02-01	Brighton	Nott'm Forest	fora	D	0	7	3	3	5.0	10.0	6.0	8.0	13.0	3	0	2.38	3.5	2.8
2025-02-01	Bournemouth	Liverpool	casa	D	0	2	3	3	3.0	14.0	3.0	9.0	15.0	2	0	4.5	4.33	1.67
2025-02-01	Liverpool	Bournemouth	fora	V	2	0	3	3	7.0	19.0	3.0	15.0	9.0	3	0	4.5	4.33	1.67
2025-02-01	Everton	Leicester	casa	V	4	0	3	3	7.0	13.0	5.0	13.0	7.0	0	0	1.75	3.75	4.5
2025-02-01	Leicester	Everton	fora	D	0	4	3	3	1.0	9.0	6.0	7.0	13.0	0	0	1.75	3.75	4.5
2025-02-01	Ipswich	Southampton	casa	D	1	2	3	3	6.0	15.0	1.0	14.0	11.0	0	0	1.95	3.6	3.8
2025-02-01	Southampton	Ipswich	fora	V	2	1	3	3	4.0	9.0	2.0	11.0	14.0	3	0	1.95	3.6	3.8
2025-02-01	Newcastle	Fulham	casa	D	1	2	3	3	4.0	11.0	4.0	15.0	10.0	4	0	1.7	4.0	4.75
2025-02-01	Fulham	Newcastle	fora	V	2	1	3	3	4.0	15.0	7.0	10.0	15.0	4	0	1.7	4.0	4.75
2025-02-01	Wolves	Aston Villa	casa	V	2	0	3	3	5.0	8.0	5.0	13.0	20.0	2	0	3.3	3.6	2.1
2025-02-01	Aston Villa	Wolves	fora	D	0	2	3	3	3.0	10.0	8.0	20.0	13.0	3	0	3.3	3.6	2.1
2025-02-02	Brentford	Tottenham	casa	D	0	2	3	3	4.0	20.0	10.0	11.0	4.0	0	0	2.1	3.9	3.2
2025-02-02	Tottenham	Brentford	fora	V	2	0	3	3	2.0	13.0	3.0	4.0	11.0	1	0	2.1	3.9	3.2
2025-02-02	Man United	Crystal Palace	casa	D	0	2	3	3	2.0	17.0	11.0	13.0	12.0	3	0	2.0	3.5	3.8
2025-02-02	Crystal Palace	Man United	fora	V	2	0	3	3	3.0	11.0	0.0	12.0	13.0	1	0	2.0	3.5	3.8
2025-02-02	Arsenal	Man City	casa	V	5	1	3	3	7.0	12.0	5.0	7.0	6.0	2	0	1.95	3.5	4.0
2025-02-02	Man City	Arsenal	fora	D	1	5	3	3	4.0	7.0	2.0	6.0	7.0	0	0	1.95	3.5	4.0
2025-02-03	Chelsea	West Ham	casa	V	2	1	3	3	3.0	22.0	4.0	10.0	11.0	3	0	1.36	4.75	8.0
2025-02-03	West Ham	Chelsea	fora	D	1	2	3	3	5.0	14.0	3.0	11.0	10.0	1	0	1.36	4.75	8.0
2025-02-12	Everton	Liverpool	casa	E	2	2	3	3	3.0	10.0	2.0	20.0	9.0	2	1	7.5	4.5	1.44
2025-02-12	Liverpool	Everton	fora	E	2	2	3	3	4.0	6.0	3.0	9.0	20.0	2	1	7.5	4.5	1.44
2025-02-14	Brighton	Chelsea	casa	V	3	0	3	3	5.0	13.0	2.0	15.0	12.0	1	0	2.7	3.6	2.45
2025-02-14	Chelsea	Brighton	fora	D	0	3	3	3	0.0	8.0	9.0	12.0	15.0	2	0	2.7	3.6	2.45
2025-02-15	Leicester	Arsenal	casa	D	0	2	3	3	2.0	6.0	3.0	10.0	9.0	2	0	8.5	5.0	1.33
2025-02-15	Arsenal	Leicester	fora	V	2	0	3	3	5.0	11.0	7.0	9.0	10.0	1	0	8.5	5.0	1.33
2025-02-15	Aston Villa	Ipswich	casa	E	1	1	3	3	6.0	25.0	16.0	11.0	7.0	0	0	1.4	4.75	7.0
2025-02-15	Ipswich	Aston Villa	fora	E	1	1	3	3	3.0	4.0	1.0	7.0	11.0	3	1	1.4	4.75	7.0
2025-02-15	Fulham	Nott'm Forest	casa	V	2	1	3	3	10.0	24.0	8.0	8.0	13.0	0	0	2.2	3.4	3.3
2025-02-15	Nott'm Forest	Fulham	fora	D	1	2	3	3	2.0	8.0	4.0	13.0	8.0	0	0	2.2	3.4	3.3
2025-02-15	Man City	Newcastle	casa	V	4	0	3	3	7.0	11.0	7.0	13.0	5.0	0	0	1.95	4.2	3.3
2025-02-15	Newcastle	Man City	fora	D	0	4	3	3	1.0	3.0	4.0	5.0	13.0	1	0	1.95	4.2	3.3
2025-02-15	Southampton	Bournemouth	casa	D	1	3	3	3	4.0	11.0	4.0	15.0	13.0	1	0	6.0	4.5	1.5
2025-02-15	Bournemouth	Southampton	fora	V	3	1	3	3	7.0	14.0	6.0	13.0	15.0	3	0	6.0	4.5	1.5
2025-02-15	West Ham	Brentford	casa	D	0	1	3	3	3.0	13.0	9.0	13.0	10.0	1	0	2.35	3.6	2.88
2025-02-15	Brentford	West Ham	fora	V	1	0	3	3	5.0	14.0	2.0	10.0	13.0	1	0	2.35	3.6	2.88
2025-02-15	Crystal Palace	Everton	casa	D	1	2	3	3	6.0	17.0	6.0	12.0	9.0	0	0	1.8	3.4	5.0
2025-02-15	Everton	Crystal Palace	fora	V	2	1	3	3	6.0	11.0	2.0	9.0	12.0	1	0	1.8	3.4	5.0
2025-02-16	Liverpool	Wolves	casa	V	2	1	3	3	3.0	10.0	4.0	13.0	15.0	2	0	1.15	8.0	12.0
2025-02-16	Wolves	Liverpool	fora	D	1	2	3	3	4.0	16.0	3.0	15.0	13.0	2	0	1.15	8.0	12.0
2025-02-16	Tottenham	Man United	casa	V	1	0	3	3	7.0	22.0	10.0	9.0	13.0	1	0	2.45	3.75	2.62
2025-02-16	Man United	Tottenham	fora	D	0	1	3	3	6.0	16.0	5.0	13.0	9.0	2	0	2.45	3.75	2.62
2025-02-19	Aston Villa	Liverpool	casa	E	2	2	3	3	4.0	9.0	6.0	6.0	8.0	1	0	3.9	4.0	1.83
2025-02-19	Liverpool	Aston Villa	fora	E	2	2	3	3	3.0	17.0	8.0	8.0	6.0	0	0	3.9	4.0	1.83
2025-02-21	Leicester	Brentford	casa	D	0	4	3	3	3.0	8.0	5.0	10.0	10.0	4	0	3.6	3.8	1.91
2025-02-21	Brentford	Leicester	fora	V	4	0	3	3	6.0	14.0	6.0	10.0	10.0	0	0	3.6	3.8	1.91
2025-02-22	Everton	Man United	casa	E	2	2	3	3	8.0	9.0	7.0	9.0	12.0	4	0	2.5	3.2	2.9
2025-02-22	Man United	Everton	fora	E	2	2	3	3	3.0	9.0	9.0	12.0	9.0	1	0	2.5	3.2	2.9
2025-02-22	Arsenal	West Ham	casa	D	0	1	3	3	2.0	20.0	2.0	15.0	16.0	1	1	1.27	6.0	10.0
2025-02-22	West Ham	Arsenal	fora	V	1	0	3	3	2.0	5.0	0.0	16.0	15.0	3	0	1.27	6.0	10.0
2025-02-22	Bournemouth	Wolves	casa	D	0	1	3	3	3.0	8.0	6.0	9.0	17.0	3	1	1.53	4.5	5.5
2025-02-22	Wolves	Bournemouth	fora	V	1	0	3	3	5.0	13.0	7.0	17.0	9.0	3	0	1.53	4.5	5.5
2025-02-22	Fulham	Crystal Palace	casa	D	0	2	3	3	0.0	10.0	7.0	7.0	10.0	1	0	2.05	3.4	3.7
2025-02-22	Crystal Palace	Fulham	fora	V	2	0	3	3	5.0	10.0	7.0	10.0	7.0	3	0	2.05	3.4	3.7
2025-02-22	Ipswich	Tottenham	casa	D	1	4	3	3	5.0	17.0	4.0	14.0	15.0	2	0	4.1	3.6	1.9
2025-02-22	Tottenham	Ipswich	fora	V	4	1	3	3	6.0	10.0	4.0	15.0	14.0	1	0	4.1	3.6	1.9
2025-02-22	Southampton	Brighton	casa	D	0	4	3	3	1.0	6.0	5.0	12.0	11.0	2	0	6.0	4.1	1.55
2025-02-22	Brighton	Southampton	fora	V	4	0	3	3	12.0	18.0	6.0	11.0	12.0	0	0	6.0	4.1	1.55
2025-02-22	Aston Villa	Chelsea	casa	V	2	1	3	3	6.0	12.0	2.0	16.0	15.0	1	0	2.63	3.4	2.6
2025-02-22	Chelsea	Aston Villa	fora	D	1	2	3	3	7.0	15.0	3.0	15.0	16.0	3	0	2.63	3.4	2.6
2025-02-23	Newcastle	Nott'm Forest	casa	V	4	3	3	3	5.0	13.0	7.0	13.0	11.0	1	0	1.8	3.8	4.2
2025-02-23	Nott'm Forest	Newcastle	fora	D	3	4	3	3	5.0	17.0	6.0	11.0	13.0	4	0	1.8	3.8	4.2
2025-02-23	Man City	Liverpool	casa	D	0	2	3	3	5.0	16.0	7.0	10.0	3.0	0	0	2.88	3.8	2.25
2025-02-23	Liverpool	Man City	fora	V	2	0	3	3	4.0	8.0	5.0	3.0	10.0	0	0	2.88	3.8	2.25
2025-02-25	Brighton	Bournemouth	casa	V	2	1	3	3	4.0	11.0	1.0	14.0	12.0	2	0	2.0	3.8	3.3
2025-02-25	Bournemouth	Brighton	fora	D	1	2	3	3	5.0	19.0	9.0	12.0	14.0	1	0	2.0	3.8	3.3
2025-02-25	Crystal Palace	Aston Villa	casa	V	4	1	3	3	6.0	19.0	3.0	10.0	19.0	3	0	2.45	3.4	2.8
2025-02-25	Aston Villa	Crystal Palace	fora	D	1	4	3	3	2.0	6.0	8.0	19.0	10.0	1	0	2.45	3.4	2.8
2025-02-25	Wolves	Fulham	casa	D	1	2	3	3	5.0	18.0	7.0	15.0	8.0	1	0	2.63	3.3	2.63
2025-02-25	Fulham	Wolves	fora	V	2	1	3	3	5.0	11.0	5.0	8.0	15.0	3	0	2.63	3.3	2.63
2025-02-25	Chelsea	Southampton	casa	V	4	0	3	3	10.0	19.0	4.0	9.0	6.0	1	0	1.17	8.0	13.0
2025-02-25	Southampton	Chelsea	fora	D	0	4	3	3	2.0	7.0	2.0	6.0	9.0	2	0	1.17	8.0	13.0
2025-02-26	Brentford	Everton	casa	E	1	1	3	3	3.0	12.0	2.0	6.0	3.0	2	0	2.0	3.7	3.5
2025-02-26	Everton	Brentford	fora	E	1	1	3	3	4.0	14.0	5.0	3.0	6.0	1	0	2.0	3.7	3.5
2025-02-26	Man United	Ipswich	casa	V	3	2	3	3	6.0	10.0	5.0	16.0	9.0	4	1	1.53	4.33	6.0
2025-02-26	Ipswich	Man United	fora	D	2	3	3	3	3.0	12.0	6.0	9.0	16.0	4	0	1.53	4.33	6.0
2025-02-26	Nott'm Forest	Arsenal	casa	E	0	0	3	3	2.0	6.0	3.0	17.0	10.0	1	0	3.9	3.6	1.95
2025-02-26	Arsenal	Nott'm Forest	fora	E	0	0	3	3	1.0	13.0	11.0	10.0	17.0	1	0	3.9	3.6	1.95
2025-02-26	Tottenham	Man City	casa	D	0	1	3	3	6.0	11.0	8.0	15.0	12.0	3	0	3.25	4.0	2.0
2025-02-26	Man City	Tottenham	fora	V	1	0	3	3	5.0	12.0	3.0	12.0	15.0	0	0	3.25	4.0	2.0
2025-02-26	Liverpool	Newcastle	casa	V	2	0	3	3	3.0	12.0	4.0	11.0	12.0	0	0	1.5	4.5	5.75
2025-02-26	Newcastle	Liverpool	fora	D	0	2	3	3	0.0	3.0	2.0	12.0	11.0	1	0	1.5	4.5	5.75
2025-02-27	West Ham	Leicester	casa	V	2	0	3	3	2.0	8.0	3.0	6.0	12.0	0	0	1.62	4.2	5.0
2025-02-27	Leicester	West Ham	fora	D	0	2	3	3	2.0	10.0	3.0	12.0	6.0	0	0	1.62	4.2	5.0
2025-03-08	Nott'm Forest	Man City	casa	V	1	0	3	3	4.0	9.0	3.0	7.0	9.0	3	0	4.0	3.75	1.85
2025-03-08	Man City	Nott'm Forest	fora	D	0	1	3	3	3.0	14.0	2.0	9.0	7.0	2	0	4.0	3.75	1.85
2025-03-08	Brighton	Fulham	casa	V	2	1	3	3	4.0	9.0	3.0	12.0	6.0	0	0	1.95	3.6	3.75
2025-03-08	Fulham	Brighton	fora	D	1	2	3	3	1.0	6.0	7.0	6.0	12.0	2	0	1.95	3.6	3.75
2025-03-08	Crystal Palace	Ipswich	casa	V	1	0	3	3	4.0	19.0	5.0	7.0	8.0	4	0	1.45	4.75	6.25
2025-03-08	Ipswich	Crystal Palace	fora	D	0	1	3	3	8.0	15.0	4.0	8.0	7.0	3	0	1.45	4.75	6.25
2025-03-08	Liverpool	Southampton	casa	V	3	1	3	3	7.0	28.0	6.0	9.0	10.0	2	0	1.1	9.0	19.0
2025-03-08	Southampton	Liverpool	fora	D	1	3	3	3	4.0	6.0	4.0	10.0	9.0	1	0	1.1	9.0	19.0
2025-03-08	Brentford	Aston Villa	casa	D	0	1	3	3	3.0	13.0	6.0	5.0	10.0	2	0	2.2	3.8	2.9
2025-03-08	Aston Villa	Brentford	fora	V	1	0	3	3	4.0	12.0	5.0	10.0	5.0	2	0	2.2	3.8	2.9
2025-03-08	Wolves	Everton	casa	E	1	1	3	3	3.0	11.0	5.0	16.0	11.0	2	0	2.6	3.1	2.88
2025-03-08	Everton	Wolves	fora	E	1	1	3	3	4.0	12.0	5.0	11.0	16.0	2	0	2.6	3.1	2.88
2025-03-09	Chelsea	Leicester	casa	V	1	0	3	3	7.0	20.0	12.0	13.0	12.0	1	0	1.18	8.0	12.0
2025-03-09	Leicester	Chelsea	fora	D	0	1	3	3	3.0	3.0	2.0	12.0	13.0	0	0	1.18	8.0	12.0
2025-03-09	Tottenham	Bournemouth	casa	E	2	2	3	3	4.0	12.0	3.0	16.0	15.0	3	0	2.7	3.9	2.35
2025-03-09	Bournemouth	Tottenham	fora	E	2	2	3	3	8.0	17.0	6.0	15.0	16.0	3	0	2.7	3.9	2.35
2025-03-09	Man United	Arsenal	casa	E	1	1	3	3	6.0	10.0	2.0	11.0	8.0	0	0	5.75	3.5	1.7
2025-03-09	Arsenal	Man United	fora	E	1	1	3	3	6.0	17.0	9.0	8.0	11.0	1	0	5.75	3.5	1.7
2025-03-10	West Ham	Newcastle	casa	D	0	1	3	3	2.0	9.0	3.0	15.0	7.0	0	0	3.25	3.4	2.2
2025-03-10	Newcastle	West Ham	fora	V	1	0	3	3	3.0	9.0	4.0	7.0	15.0	1	0	3.25	3.4	2.2
2025-03-15	Everton	West Ham	casa	E	1	1	3	3	5.0	13.0	6.0	8.0	12.0	1	0	2.05	3.2	3.9
2025-03-15	West Ham	Everton	fora	E	1	1	3	3	5.0	10.0	5.0	12.0	8.0	2	0	2.05	3.2	3.9
2025-03-15	Ipswich	Nott'm Forest	casa	D	2	4	3	3	4.0	11.0	6.0	13.0	4.0	1	0	3.75	3.5	2.0
2025-03-15	Nott'm Forest	Ipswich	fora	V	4	2	3	3	6.0	11.0	3.0	4.0	13.0	1	0	3.75	3.5	2.0
2025-03-15	Man City	Brighton	casa	E	2	2	3	3	3.0	11.0	4.0	10.0	10.0	2	0	1.67	4.33	4.5
2025-03-15	Brighton	Man City	fora	E	2	2	3	3	3.0	15.0	5.0	10.0	10.0	5	0	1.67	4.33	4.5
2025-03-15	Southampton	Wolves	casa	D	1	2	3	3	3.0	10.0	5.0	13.0	12.0	0	0	3.7	3.4	2.0
2025-03-15	Wolves	Southampton	fora	V	2	1	3	3	3.0	5.0	1.0	12.0	13.0	0	0	3.7	3.4	2.0
2025-03-15	Bournemouth	Brentford	casa	D	1	2	3	3	5.0	17.0	4.0	7.0	13.0	3	0	1.73	4.2	4.2
2025-03-15	Brentford	Bournemouth	fora	V	2	1	3	3	4.0	10.0	3.0	13.0	7.0	0	0	1.73	4.2	4.2
2025-03-16	Arsenal	Chelsea	casa	V	1	0	3	3	4.0	12.0	5.0	13.0	10.0	3	0	1.8	3.6	4.5
2025-03-16	Chelsea	Arsenal	fora	D	0	1	3	3	2.0	8.0	4.0	10.0	13.0	3	0	1.8	3.6	4.5
2025-03-16	Fulham	Tottenham	casa	V	2	0	3	3	4.0	13.0	6.0	10.0	13.0	0	0	2.0	3.75	3.6
2025-03-16	Tottenham	Fulham	fora	D	0	2	3	3	4.0	12.0	5.0	13.0	10.0	0	0	2.0	3.75	3.6
2025-03-16	Leicester	Man United	casa	D	0	3	3	3	3.0	11.0	6.0	6.0	6.0	2	0	4.5	3.5	1.83
2025-03-16	Man United	Leicester	fora	V	3	0	3	3	5.0	18.0	4.0	6.0	6.0	0	0	4.5	3.5	1.83
2025-04-01	Arsenal	Fulham	casa	V	2	1	3	3	4.0	17.0	5.0	10.0	2.0	1	0	1.48	4.33	7.0
2025-04-01	Fulham	Arsenal	fora	D	1	2	3	3	3.0	9.0	4.0	2.0	10.0	2	0	1.48	4.33	7.0
2025-04-01	Wolves	West Ham	casa	V	1	0	3	3	2.0	9.0	1.0	12.0	16.0	4	0	2.5	3.2	2.9
2025-04-01	West Ham	Wolves	fora	D	0	1	3	3	1.0	10.0	2.0	16.0	12.0	2	0	2.5	3.2	2.9
2025-04-01	Nott'm Forest	Man United	casa	V	1	0	3	3	2.0	8.0	3.0	12.0	5.0	1	0	2.3	3.4	3.1
2025-04-01	Man United	Nott'm Forest	fora	D	0	1	3	3	6.0	23.0	10.0	5.0	12.0	3	0	2.3	3.4	3.1
2025-04-02	Bournemouth	Ipswich	casa	D	1	2	3	3	7.0	24.0	8.0	15.0	14.0	1	0	1.36	5.25	7.5
2025-04-02	Ipswich	Bournemouth	fora	V	2	1	3	3	2.0	10.0	3.0	14.0	15.0	2	0	1.36	5.25	7.5
2025-04-02	Brighton	Aston Villa	casa	D	0	3	3	3	4.0	11.0	4.0	11.0	16.0	1	0	2.05	3.8	3.25
2025-04-02	Aston Villa	Brighton	fora	V	3	0	3	3	5.0	8.0	0.0	16.0	11.0	3	0	2.05	3.8	3.25
2025-04-02	Man City	Leicester	casa	V	2	0	3	3	5.0	18.0	5.0	8.0	11.0	1	0	1.2	8.0	10.0
2025-04-02	Leicester	Man City	fora	D	0	2	3	3	0.0	2.0	0.0	11.0	8.0	4	0	1.2	8.0	10.0
2025-04-02	Newcastle	Brentford	casa	V	2	1	3	3	4.0	21.0	4.0	12.0	12.0	1	0	1.73	4.5	4.0
2025-04-02	Brentford	Newcastle	fora	D	1	2	3	3	3.0	12.0	5.0	12.0	12.0	1	0	1.73	4.5	4.0
2025-04-02	Southampton	Crystal Palace	casa	E	1	1	3	3	2.0	8.0	2.0	9.0	14.0	2	0	5.75	3.8	1.62
2025-04-02	Crystal Palace	Southampton	fora	E	1	1	3	3	3.0	9.0	2.0	14.0	9.0	1	0	5.75	3.8	1.62
2025-04-02	Liverpool	Everton	casa	V	1	0	3	3	3.0	17.0	11.0	11.0	7.0	2	0	1.36	5.0	8.0
2025-04-02	Everton	Liverpool	fora	D	0	1	3	3	0.0	5.0	5.0	7.0	11.0	2	0	1.36	5.0	8.0
2025-04-03	Chelsea	Tottenham	casa	V	1	0	3	3	5.0	11.0	4.0	16.0	7.0	5	0	1.65	4.5	4.5
2025-04-03	Tottenham	Chelsea	fora	D	0	1	3	3	2.0	8.0	6.0	7.0	16.0	5	0	1.65	4.5	4.5
2025-04-05	Everton	Arsenal	casa	E	1	1	3	3	2.0	5.0	3.0	13.0	17.0	3	0	5.25	3.25	1.75
2025-04-05	Arsenal	Everton	fora	E	1	1	3	3	5.0	14.0	8.0	17.0	13.0	1	0	5.25	3.25	1.75
2025-04-05	Crystal Palace	Brighton	casa	V	2	1	3	3	3.0	8.0	2.0	13.0	12.0	0	2	2.35	3.6	2.8
2025-04-05	Brighton	Crystal Palace	fora	D	1	2	3	3	5.0	11.0	4.0	12.0	13.0	1	1	2.35	3.6	2.8
2025-04-05	Ipswich	Wolves	casa	D	1	2	3	3	2.0	6.0	4.0	16.0	12.0	2	0	2.7	3.25	2.63
2025-04-05	Wolves	Ipswich	fora	V	2	1	3	3	7.0	22.0	8.0	12.0	16.0	2	0	2.7	3.25	2.63
2025-04-05	West Ham	Bournemouth	casa	E	2	2	3	3	3.0	9.0	4.0	13.0	13.0	2	0	3.0	3.5	2.3
2025-04-05	Bournemouth	West Ham	fora	E	2	2	3	3	4.0	11.0	7.0	13.0	13.0	2	0	3.0	3.5	2.3
2025-04-05	Aston Villa	Nott'm Forest	casa	V	2	1	3	3	8.0	17.0	4.0	15.0	7.0	2	0	1.95	3.6	3.7
2025-04-05	Nott'm Forest	Aston Villa	fora	D	1	2	3	3	3.0	19.0	4.0	7.0	15.0	2	0	1.95	3.6	3.7
2025-04-06	Brentford	Chelsea	casa	E	0	0	3	3	2.0	9.0	3.0	12.0	12.0	1	0	3.2	3.6	2.15
2025-04-06	Chelsea	Brentford	fora	E	0	0	3	3	5.0	21.0	6.0	12.0	12.0	3	0	3.2	3.6	2.15
2025-04-06	Fulham	Liverpool	casa	V	3	2	3	3	6.0	12.0	4.0	9.0	10.0	3	0	4.5	3.5	1.83
2025-04-06	Liverpool	Fulham	fora	D	2	3	3	3	6.0	14.0	4.0	10.0	9.0	0	0	4.5	3.5	1.83
2025-04-06	Tottenham	Southampton	casa	V	3	1	3	3	8.0	13.0	4.0	20.0	16.0	1	0	1.38	5.5	6.5
2025-04-06	Southampton	Tottenham	fora	D	1	3	3	3	4.0	12.0	1.0	16.0	20.0	1	0	1.38	5.5	6.5
2025-04-06	Man United	Man City	casa	E	0	0	3	3	2.0	13.0	5.0	9.0	13.0	3	0	3.4	3.6	2.1
2025-04-06	Man City	Man United	fora	E	0	0	3	3	5.0	9.0	3.0	13.0	9.0	2	0	3.4	3.6	2.1
2025-04-07	Leicester	Newcastle	casa	D	0	3	3	3	2.0	7.0	12.0	9.0	8.0	2	0	6.5	4.2	1.48
2025-04-07	Newcastle	Leicester	fora	V	3	0	3	3	5.0	16.0	2.0	8.0	9.0	0	0	6.5	4.2	1.48
2025-04-12	Man City	Crystal Palace	casa	V	5	2	3	3	9.0	21.0	1.0	16.0	10.0	2	0	1.5	4.75	5.75
2025-04-12	Crystal Palace	Man City	fora	D	2	5	3	3	3.0	8.0	4.0	10.0	16.0	3	0	1.5	4.75	5.75
2025-04-12	Brighton	Leicester	casa	E	2	2	3	3	7.0	21.0	3.0	11.0	9.0	2	0	1.29	6.0	10.0
2025-04-12	Leicester	Brighton	fora	E	2	2	3	3	6.0	15.0	6.0	9.0	11.0	5	0	1.29	6.0	10.0
2025-04-12	Nott'm Forest	Everton	casa	D	0	1	3	3	5.0	10.0	1.0	13.0	9.0	0	0	2.1	3.3	3.7
2025-04-12	Everton	Nott'm Forest	fora	V	1	0	3	3	5.0	13.0	7.0	9.0	13.0	3	0	2.1	3.3	3.7
2025-04-12	Southampton	Aston Villa	casa	D	0	3	3	3	2.0	7.0	2.0	4.0	11.0	3	0	6.0	4.2	1.55
2025-04-12	Aston Villa	Southampton	fora	V	3	0	3	3	10.0	25.0	14.0	11.0	4.0	1	0	6.0	4.2	1.55
2025-04-12	Arsenal	Brentford	casa	E	1	1	3	3	3.0	14.0	13.0	9.0	7.0	1	0	1.6	4.33	5.0
2025-04-12	Brentford	Arsenal	fora	E	1	1	3	3	2.0	3.0	5.0	7.0	9.0	3	0	1.6	4.33	5.0
2025-04-13	Chelsea	Ipswich	casa	E	2	2	3	3	9.0	34.0	15.0	7.0	11.0	2	0	1.27	7.0	8.5
2025-04-13	Ipswich	Chelsea	fora	E	2	2	3	3	4.0	13.0	4.0	11.0	7.0	2	0	1.27	7.0	8.5
2025-04-13	Liverpool	West Ham	casa	V	2	1	3	3	6.0	15.0	10.0	8.0	15.0	0	0	1.3	6.0	8.0
2025-04-13	West Ham	Liverpool	fora	D	1	2	3	3	4.0	11.0	3.0	15.0	8.0	2	0	1.3	6.0	8.0
2025-04-13	Wolves	Tottenham	casa	V	4	2	3	3	5.0	13.0	1.0	15.0	12.0	1	0	2.2	3.6	3.1
2025-04-13	Tottenham	Wolves	fora	D	2	4	3	3	4.0	11.0	4.0	12.0	15.0	2	0	2.2	3.6	3.1
2025-04-13	Newcastle	Man United	casa	V	4	1	3	3	6.0	13.0	7.0	9.0	7.0	0	0	1.65	4.2	4.75
2025-04-13	Man United	Newcastle	fora	D	1	4	3	3	5.0	9.0	2.0	7.0	9.0	2	0	1.65	4.2	4.75
2025-04-14	Bournemouth	Fulham	casa	V	1	0	3	3	3.0	12.0	6.0	10.0	11.0	3	0	2.15	3.5	3.3
2025-04-14	Fulham	Bournemouth	fora	D	0	1	3	3	7.0	12.0	9.0	11.0	10.0	2	0	2.15	3.5	3.3
2025-04-16	Newcastle	Crystal Palace	casa	V	5	0	3	3	7.0	14.0	5.0	15.0	9.0	2	0	1.67	3.9	5.0
2025-04-16	Crystal Palace	Newcastle	fora	D	0	5	3	3	4.0	11.0	4.0	9.0	15.0	3	0	1.67	3.9	5.0
2025-04-19	Brentford	Brighton	casa	V	4	2	3	3	8.0	16.0	4.0	11.0	7.0	3	0	2.4	3.75	2.63
2025-04-19	Brighton	Brentford	fora	D	2	4	3	3	3.0	12.0	8.0	7.0	11.0	3	1	2.4	3.75	2.63
2025-04-19	Crystal Palace	Bournemouth	casa	E	0	0	3	3	0.0	5.0	5.0	10.0	13.0	3	1	2.45	3.6	2.63
2025-04-19	Bournemouth	Crystal Palace	fora	E	0	0	3	3	4.0	15.0	4.0	13.0	10.0	4	0	2.45	3.6	2.63
2025-04-19	Everton	Man City	casa	D	0	2	3	3	3.0	8.0	2.0	6.0	7.0	4	0	3.7	3.6	1.91
2025-04-19	Man City	Everton	fora	V	2	0	3	3	7.0	12.0	5.0	7.0	6.0	0	0	3.7	3.6	1.91
2025-04-19	West Ham	Southampton	casa	E	1	1	3	3	4.0	12.0	2.0	13.0	14.0	2	0	1.48	4.33	6.5
2025-04-19	Southampton	West Ham	fora	E	1	1	3	3	4.0	15.0	5.0	14.0	13.0	1	0	1.48	4.33	6.5
2025-04-19	Aston Villa	Newcastle	casa	V	4	1	3	3	9.0	23.0	7.0	12.0	9.0	1	0	2.3	3.6	2.75
2025-04-19	Newcastle	Aston Villa	fora	D	1	4	3	3	3.0	10.0	7.0	9.0	12.0	3	0	2.3	3.6	2.75
2025-04-20	Fulham	Chelsea	casa	D	1	2	3	3	1.0	6.0	6.0	9.0	13.0	1	0	2.7	3.7	2.35
2025-04-20	Chelsea	Fulham	fora	V	2	1	3	3	8.0	13.0	4.0	13.0	9.0	3	0	2.7	3.7	2.35
2025-04-20	Ipswich	Arsenal	casa	D	0	4	3	3	0.0	4.0	0.0	7.0	10.0	0	1	8.0	4.5	1.4
2025-04-20	Arsenal	Ipswich	fora	V	4	0	3	3	7.0	24.0	12.0	10.0	7.0	0	0	8.0	4.5	1.4
2025-04-20	Man United	Wolves	casa	D	0	1	3	3	2.0	12.0	9.0	18.0	11.0	2	0	2.0	3.6	3.6
2025-04-20	Wolves	Man United	fora	V	1	0	3	3	2.0	4.0	2.0	11.0	18.0	3	0	2.0	3.6	3.6
2025-04-20	Leicester	Liverpool	casa	D	0	1	3	3	0.0	5.0	1.0	7.0	11.0	1	0	11.0	6.25	1.22
2025-04-20	Liverpool	Leicester	fora	V	1	0	3	3	10.0	28.0	13.0	11.0	7.0	2	0	11.0	6.25	1.22
2025-04-21	Tottenham	Nott'm Forest	casa	D	1	2	3	3	6.0	22.0	7.0	12.0	11.0	1	0	2.45	3.6	2.63
2025-04-21	Nott'm Forest	Tottenham	fora	V	2	1	3	3	3.0	4.0	1.0	11.0	12.0	4	0	2.45	3.6	2.63
2025-04-22	Man City	Aston Villa	casa	V	2	1	3	3	6.0	14.0	10.0	10.0	9.0	3	0	1.8	4.1	3.9
2025-04-22	Aston Villa	Man City	fora	D	1	2	3	3	3.0	7.0	2.0	9.0	10.0	3	0	1.8	4.1	3.9
2025-04-23	Arsenal	Crystal Palace	casa	E	2	2	3	3	6.0	12.0	3.0	6.0	4.0	1	0	1.4	4.75	7.5
2025-04-23	Crystal Palace	Arsenal	fora	E	2	2	3	3	4.0	15.0	6.0	4.0	6.0	1	0	1.4	4.75	7.5
2025-04-26	Chelsea	Everton	casa	V	1	0	3	3	7.0	10.0	10.0	11.0	11.0	0	0	1.55	4.0	6.0
2025-04-26	Everton	Chelsea	fora	D	0	1	3	3	3.0	6.0	2.0	11.0	11.0	0	0	1.55	4.0	6.0
2025-04-26	Brighton	West Ham	casa	V	3	2	3	3	9.0	16.0	8.0	9.0	7.0	1	0	1.67	4.2	4.75
2025-04-26	West Ham	Brighton	fora	D	2	3	3	3	4.0	12.0	1.0	7.0	9.0	1	0	1.67	4.2	4.75
2025-04-26	Newcastle	Ipswich	casa	V	3	0	3	3	5.0	25.0	11.0	9.0	9.0	1	0	1.18	7.5	13.0
2025-04-26	Ipswich	Newcastle	fora	D	0	3	3	3	0.0	4.0	2.0	9.0	9.0	2	1	1.18	7.5	13.0
2025-04-26	Southampton	Fulham	casa	D	1	2	3	3	3.0	7.0	0.0	12.0	10.0	1	0	5.25	4.0	1.6
2025-04-26	Fulham	Southampton	fora	V	2	1	3	3	5.0	26.0	13.0	10.0	12.0	1	0	5.25	4.0	1.6
2025-04-26	Wolves	Leicester	casa	V	3	0	3	3	6.0	20.0	4.0	17.0	7.0	1	0	1.5	4.2	6.25
2025-04-26	Leicester	Wolves	fora	D	0	3	3	3	2.0	8.0	2.0	7.0	17.0	4	0	1.5	4.2	6.25
2025-04-27	Bournemouth	Man United	casa	E	1	1	3	3	1.0	8.0	5.0	12.0	11.0	4	1	1.67	4.0	4.5
2025-04-27	Man United	Bournemouth	fora	E	1	1	3	3	6.0	25.0	10.0	11.0	12.0	2	0	1.67	4.0	4.5
2025-04-27	Liverpool	Tottenham	casa	V	5	1	3	3	8.0	25.0	8.0	9.0	16.0	2	0	1.25	6.0	11.0
2025-04-27	Tottenham	Liverpool	fora	D	1	5	3	3	3.0	8.0	2.0	16.0	9.0	1	0	1.25	6.0	11.0
2025-05-01	Nott'm Forest	Brentford	casa	D	0	2	3	3	5.0	14.0	4.0	12.0	10.0	3	0	2.15	3.5	3.25
2025-05-01	Brentford	Nott'm Forest	fora	V	2	0	3	3	3.0	11.0	5.0	10.0	12.0	5	0	2.15	3.5	3.25
2025-05-02	Man City	Wolves	casa	V	1	0	3	3	2.0	9.0	4.0	11.0	7.0	0	0	1.4	4.75	7.5
2025-05-02	Wolves	Man City	fora	D	0	1	3	3	1.0	6.0	5.0	7.0	11.0	0	0	1.4	4.75	7.5
2025-05-03	Aston Villa	Fulham	casa	V	1	0	3	3	3.0	10.0	5.0	17.0	6.0	0	0	1.77	3.75	4.5
2025-05-03	Fulham	Aston Villa	fora	D	0	1	3	3	3.0	11.0	3.0	6.0	17.0	5	0	1.77	3.75	4.5
2025-05-03	Everton	Ipswich	casa	E	2	2	3	3	3.0	8.0	3.0	15.0	12.0	4	0	1.45	4.33	6.5
2025-05-03	Ipswich	Everton	fora	E	2	2	3	3	5.0	12.0	3.0	12.0	15.0	4	0	1.45	4.33	6.5
2025-05-03	Leicester	Southampton	casa	V	2	0	3	3	4.0	14.0	7.0	13.0	12.0	1	0	2.3	3.6	2.88
2025-05-03	Southampton	Leicester	fora	D	0	2	3	3	2.0	8.0	7.0	12.0	13.0	3	0	2.3	3.6	2.88
2025-05-03	Arsenal	Bournemouth	casa	D	1	2	3	3	4.0	13.0	2.0	16.0	7.0	0	0	2.05	3.7	3.4
2025-05-03	Bournemouth	Arsenal	fora	V	2	1	3	3	2.0	9.0	3.0	7.0	16.0	2	0	2.05	3.7	3.4
2025-05-04	Brentford	Man United	casa	V	4	3	3	3	6.0	12.0	7.0	10.0	8.0	0	0	1.65	4.1	4.75
2025-05-04	Man United	Brentford	fora	D	3	4	3	3	5.0	14.0	4.0	8.0	10.0	2	0	1.65	4.1	4.75
2025-05-04	Brighton	Newcastle	casa	E	1	1	3	3	2.0	5.0	1.0	10.0	15.0	2	0	2.88	3.7	2.3
2025-05-04	Newcastle	Brighton	fora	E	1	1	3	3	5.0	13.0	4.0	15.0	10.0	1	0	2.88	3.7	2.3
2025-05-04	West Ham	Tottenham	casa	E	1	1	3	3	2.0	11.0	1.0	15.0	18.0	2	0	2.1	3.7	3.25
2025-05-04	Tottenham	West Ham	fora	E	1	1	3	3	2.0	7.0	3.0	18.0	15.0	2	0	2.1	3.7	3.25
2025-05-04	Chelsea	Liverpool	casa	V	3	1	3	3	7.0	17.0	3.0	11.0	10.0	2	0	2.15	3.7	3.1
2025-05-04	Liverpool	Chelsea	fora	D	1	3	3	3	2.0	11.0	6.0	10.0	11.0	2	0	2.15	3.7	3.1
2025-05-05	Crystal Palace	Nott'm Forest	casa	E	1	1	3	3	3.0	20.0	7.0	15.0	9.0	3	0	2.25	3.4	3.2
2025-05-05	Nott'm Forest	Crystal Palace	fora	E	1	1	3	3	4.0	12.0	4.0	9.0	15.0	8	0	2.25	3.4	3.2
2025-05-10	Fulham	Everton	casa	D	1	3	3	3	6.0	18.0	5.0	9.0	15.0	1	0	1.82	3.4	4.5
2025-05-10	Everton	Fulham	fora	V	3	1	3	3	7.0	11.0	5.0	15.0	9.0	0	0	1.82	3.4	4.5
2025-05-10	Ipswich	Brentford	casa	D	0	1	3	3	4.0	11.0	5.0	12.0	6.0	2	0	5.0	4.0	1.65
2025-05-10	Brentford	Ipswich	fora	V	1	0	3	3	5.0	15.0	6.0	6.0	12.0	4	0	5.0	4.0	1.65
2025-05-10	Southampton	Man City	casa	E	0	0	3	3	0.0	2.0	1.0	8.0	9.0	2	0	11.0	7.5	1.2
2025-05-10	Man City	Southampton	fora	E	0	0	3	3	5.0	26.0	15.0	9.0	8.0	0	0	11.0	7.5	1.2
2025-05-10	Wolves	Brighton	casa	D	0	2	3	3	3.0	10.0	7.0	12.0	8.0	1	0	2.7	3.5	2.5
2025-05-10	Brighton	Wolves	fora	V	2	0	3	3	2.0	7.0	4.0	8.0	12.0	1	0	2.7	3.5	2.5
2025-05-10	Bournemouth	Aston Villa	casa	D	0	1	3	3	4.0	10.0	10.0	12.0	19.0	4	0	2.4	3.6	2.75
2025-05-10	Aston Villa	Bournemouth	fora	V	1	0	3	3	3.0	6.0	0.0	19.0	12.0	3	1	2.4	3.6	2.75
2025-05-11	Newcastle	Chelsea	casa	V	2	0	3	3	6.0	15.0	2.0	13.0	9.0	4	0	2.1	3.75	3.1
2025-05-11	Chelsea	Newcastle	fora	D	0	2	3	3	3.0	10.0	8.0	9.0	13.0	2	1	2.1	3.75	3.1
2025-05-11	Man United	West Ham	casa	D	0	2	3	3	5.0	20.0	8.0	13.0	3.0	0	0	1.9	3.6	4.0
2025-05-11	West Ham	Man United	fora	V	2	0	3	3	4.0	9.0	5.0	3.0	13.0	1	0	1.9	3.6	4.0
2025-05-11	Nott'm Forest	Leicester	casa	E	2	2	3	3	4.0	15.0	4.0	11.0	11.0	3	0	1.33	5.25	8.0
2025-05-11	Leicester	Nott'm Forest	fora	E	2	2	3	3	6.0	10.0	4.0	11.0	11.0	3	0	1.33	5.25	8.0
2025-05-11	Tottenham	Crystal Palace	casa	D	0	2	3	3	1.0	8.0	4.0	10.0	12.0	1	0	2.63	3.6	2.5
2025-05-11	Crystal Palace	Tottenham	fora	V	2	0	3	3	10.0	23.0	8.0	12.0	10.0	1	0	2.63	3.6	2.5
2025-05-11	Liverpool	Arsenal	casa	E	2	2	3	3	5.0	14.0	3.0	10.0	13.0	1	0	2.0	3.6	3.6
2025-05-11	Arsenal	Liverpool	fora	E	2	2	3	3	7.0	15.0	1.0	13.0	10.0	1	1	2.0	3.6	3.6
2025-05-16	Aston Villa	Tottenham	casa	V	2	0	3	3	7.0	18.0	9.0	12.0	5.0	1	0	1.3	6.0	8.5
2025-05-16	Tottenham	Aston Villa	fora	D	0	2	3	3	1.0	3.0	1.0	5.0	12.0	2	0	1.3	6.0	8.5
2025-05-16	Chelsea	Man United	casa	V	1	0	3	3	3.0	11.0	7.0	14.0	10.0	1	0	1.44	5.0	6.25
2025-05-16	Man United	Chelsea	fora	D	0	1	3	3	1.0	4.0	2.0	10.0	14.0	6	0	1.44	5.0	6.25
2025-05-18	Everton	Southampton	casa	V	2	0	3	3	5.0	13.0	4.0	10.0	6.0	1	0	1.4	4.75	7.5
2025-05-18	Southampton	Everton	fora	D	0	2	3	3	2.0	6.0	5.0	6.0	10.0	1	0	1.4	4.75	7.5
2025-05-18	West Ham	Nott'm Forest	casa	D	1	2	3	3	5.0	16.0	8.0	7.0	14.0	6	0	2.75	3.3	2.55
2025-05-18	Nott'm Forest	West Ham	fora	V	2	1	3	3	5.0	10.0	7.0	14.0	7.0	3	0	2.75	3.3	2.55
2025-05-18	Brentford	Fulham	casa	D	2	3	3	3	6.0	11.0	5.0	8.0	12.0	4	0	1.91	3.9	3.6
2025-05-18	Fulham	Brentford	fora	V	3	2	3	3	7.0	16.0	3.0	12.0	8.0	4	0	1.91	3.9	3.6
2025-05-18	Leicester	Ipswich	casa	V	2	0	3	3	3.0	9.0	2.0	12.0	15.0	1	0	2.3	3.6	2.9
2025-05-18	Ipswich	Leicester	fora	D	0	2	3	3	2.0	20.0	2.0	15.0	12.0	0	0	2.3	3.6	2.9
2025-05-18	Arsenal	Newcastle	casa	V	1	0	3	3	4.0	12.0	10.0	9.0	9.0	3	0	1.95	3.7	3.7
2025-05-18	Newcastle	Arsenal	fora	D	0	1	3	3	5.0	14.0	7.0	9.0	9.0	3	0	1.95	3.7	3.7
2025-05-19	Brighton	Liverpool	casa	V	3	2	3	3	12.0	25.0	3.0	8.0	9.0	1	0	2.6	3.75	2.45
2025-05-19	Liverpool	Brighton	fora	D	2	3	3	3	5.0	18.0	3.0	9.0	8.0	0	0	2.6	3.75	2.45
2025-05-20	Crystal Palace	Wolves	casa	V	4	2	3	3	10.0	14.0	0.0	8.0	14.0	1	0	2.25	3.3	3.2
2025-05-20	Wolves	Crystal Palace	fora	D	2	4	3	3	3.0	12.0	10.0	14.0	8.0	2	0	2.25	3.3	3.2
2025-05-20	Man City	Bournemouth	casa	V	3	1	3	3	5.0	12.0	3.0	13.0	7.0	1	1	1.55	4.33	5.75
2025-05-20	Bournemouth	Man City	fora	D	1	3	3	3	2.0	8.0	1.0	7.0	13.0	3	1	1.55	4.33	5.75
2025-05-25	Bournemouth	Leicester	casa	V	2	0	3	3	7.0	20.0	6.0	16.0	19.0	0	0	1.33	5.25	8.5
2025-05-25	Leicester	Bournemouth	fora	D	0	2	3	3	0.0	3.0	1.0	19.0	16.0	2	0	1.33	5.25	8.5
2025-05-25	Fulham	Man City	casa	D	0	2	3	3	3.0	13.0	1.0	5.0	11.0	0	0	5.0	4.2	1.6
2025-05-25	Man City	Fulham	fora	V	2	0	3	3	5.0	20.0	6.0	11.0	5.0	0	0	5.0	4.2	1.6
2025-05-25	Ipswich	West Ham	casa	D	1	3	3	3	4.0	14.0	4.0	9.0	10.0	1	0	3.0	3.8	2.2
2025-05-25	West Ham	Ipswich	fora	V	3	1	3	3	6.0	10.0	0.0	10.0	9.0	1	0	3.0	3.8	2.2
2025-05-25	Liverpool	Crystal Palace	casa	E	1	1	3	3	3.0	14.0	11.0	10.0	7.0	1	1	1.4	6.0	5.75
2025-05-25	Crystal Palace	Liverpool	fora	E	1	1	3	3	5.0	8.0	0.0	7.0	10.0	0	0	1.4	6.0	5.75
2025-05-25	Man United	Aston Villa	casa	V	2	0	3	3	10.0	25.0	4.0	10.0	10.0	2	0	4.33	4.2	1.7
2025-05-25	Aston Villa	Man United	fora	D	0	2	3	3	1.0	6.0	3.0	10.0	10.0	2	1	4.33	4.2	1.7
2025-05-25	Newcastle	Everton	casa	D	0	1	3	3	6.0	17.0	12.0	9.0	12.0	1	0	1.33	5.5	8.5
2025-05-25	Everton	Newcastle	fora	V	1	0	3	3	6.0	14.0	3.0	12.0	9.0	4	0	1.33	5.5	8.5
2025-05-25	Nott'm Forest	Chelsea	casa	D	0	1	3	3	2.0	10.0	7.0	11.0	10.0	2	0	3.0	3.75	2.2
2025-05-25	Chelsea	Nott'm Forest	fora	V	1	0	3	3	2.0	6.0	4.0	10.0	11.0	2	0	3.0	3.75	2.2
2025-05-25	Southampton	Arsenal	casa	D	1	2	3	3	2.0	7.0	5.0	8.0	7.0	0	0	8.5	6.0	1.3
2025-05-25	Arsenal	Southampton	fora	V	2	1	3	3	8.0	23.0	8.0	7.0	8.0	0	0	8.5	6.0	1.3
2025-05-25	Tottenham	Brighton	casa	D	1	4	3	3	2.0	4.0	2.0	8.0	13.0	3	0	4.2	4.33	1.7
2025-05-25	Brighton	Tottenham	fora	V	4	1	3	3	8.0	23.0	11.0	13.0	8.0	1	0	4.2	4.33	1.7
2025-05-25	Wolves	Brentford	casa	E	1	1	3	3	6.0	18.0	8.0	9.0	7.0	2	0	2.7	3.7	2.45
2025-05-25	Brentford	Wolves	fora	E	1	1	3	3	7.0	13.0	3.0	7.0	9.0	1	0	2.7	3.7	2.45
2025-08-15	Liverpool	Bournemouth	casa	V	4	2	3	3	10.0	19.0	6.0	10.0	7.0	1	0	1.3	6.0	8.5
2025-08-15	Bournemouth	Liverpool	fora	D	2	4	3	3	3.0	10.0	7.0	7.0	10.0	2	0	1.3	6.0	8.5
2025-08-16	Aston Villa	Newcastle	casa	E	0	0	3	3	3.0	3.0	3.0	11.0	13.0	1	1	2.25	3.5	2.9
2025-08-16	Newcastle	Aston Villa	fora	E	0	0	3	3	3.0	16.0	6.0	13.0	11.0	1	0	2.25	3.5	2.9
2025-08-16	Brighton	Fulham	casa	E	1	1	3	3	4.0	10.0	4.0	15.0	16.0	3	0	1.91	3.6	4.0
2025-08-16	Fulham	Brighton	fora	E	1	1	3	3	2.0	7.0	3.0	16.0	15.0	3	0	1.91	3.6	4.0
2025-08-16	Sunderland	West Ham	casa	V	3	0	3	3	5.0	10.0	5.0	10.0	8.0	0	0	3.25	3.4	2.25
2025-08-16	West Ham	Sunderland	fora	D	0	3	3	3	4.0	12.0	7.0	8.0	10.0	1	0	3.25	3.4	2.25
2025-08-16	Tottenham	Burnley	casa	V	3	0	3	3	6.0	16.0	6.0	8.0	14.0	0	0	1.38	4.75	8.5
2025-08-16	Burnley	Tottenham	fora	D	0	3	3	3	4.0	14.0	5.0	14.0	8.0	0	0	1.38	4.75	8.5
2025-08-16	Wolves	Man City	casa	D	0	4	3	3	3.0	9.0	4.0	7.0	13.0	1	0	6.25	4.75	1.45
2025-08-16	Man City	Wolves	fora	V	4	0	3	3	4.0	15.0	6.0	13.0	7.0	2	0	6.25	4.75	1.45
2025-08-17	Chelsea	Crystal Palace	casa	E	0	0	3	3	3.0	19.0	11.0	12.0	10.0	2	0	1.62	4.33	4.5
2025-08-17	Crystal Palace	Chelsea	fora	E	0	0	3	3	4.0	12.0	2.0	10.0	12.0	3	0	1.62	4.33	4.5
2025-08-17	Nott'm Forest	Brentford	casa	V	3	1	3	3	5.0	11.0	5.0	15.0	7.0	1	0	2.2	3.3	3.5
2025-08-17	Brentford	Nott'm Forest	fora	D	1	3	3	3	3.0	10.0	5.0	7.0	15.0	2	0	2.2	3.3	3.5
2025-08-17	Man United	Arsenal	casa	D	0	1	3	3	7.0	22.0	3.0	19.0	10.0	1	0	3.6	3.6	1.95
2025-08-17	Arsenal	Man United	fora	V	1	0	3	3	3.0	9.0	4.0	10.0	19.0	4	0	3.6	3.6	1.95
2025-08-18	Leeds	Everton	casa	V	1	0	3	3	3.0	21.0	7.0	8.0	6.0	0	0	2.38	3.3	3.0
2025-08-18	Everton	Leeds	fora	D	0	1	3	3	1.0	7.0	2.0	6.0	8.0	2	0	2.38	3.3	3.0
2025-08-22	West Ham	Chelsea	casa	D	1	5	3	3	4.0	12.0	7.0	10.0	7.0	0	0	4.75	3.8	1.73
2025-08-22	Chelsea	West Ham	fora	V	5	1	3	3	7.0	12.0	5.0	7.0	10.0	1	0	4.75	3.8	1.73
2025-08-23	Man City	Tottenham	casa	D	0	2	3	3	4.0	10.0	7.0	12.0	7.0	1	0	1.48	4.5	6.25
2025-08-23	Tottenham	Man City	fora	V	2	0	3	3	5.0	12.0	2.0	7.0	12.0	4	0	1.48	4.5	6.25
2025-08-23	Bournemouth	Wolves	casa	V	1	0	3	3	4.0	14.0	8.0	16.0	13.0	2	0	1.8	3.8	4.2
2025-08-23	Wolves	Bournemouth	fora	D	0	1	3	3	1.0	6.0	3.0	13.0	16.0	4	1	1.8	3.8	4.2
2025-08-23	Brentford	Aston Villa	casa	V	1	0	3	3	2.0	9.0	2.0	9.0	11.0	1	0	3.1	3.6	2.2
2025-08-23	Aston Villa	Brentford	fora	D	0	1	3	3	2.0	17.0	9.0	11.0	9.0	2	0	3.1	3.6	2.2
2025-08-23	Burnley	Sunderland	casa	V	2	0	3	3	2.0	7.0	4.0	5.0	9.0	0	0	2.2	3.2	3.5
2025-08-23	Sunderland	Burnley	fora	D	0	2	3	3	1.0	9.0	3.0	9.0	5.0	1	0	2.2	3.2	3.5
2025-08-23	Arsenal	Leeds	casa	V	5	0	3	3	5.0	18.0	2.0	11.0	8.0	0	0	1.27	6.25	9.5
2025-08-23	Leeds	Arsenal	fora	D	0	5	3	3	1.0	3.0	2.0	8.0	11.0	2	0	1.27	6.25	9.5
2025-08-24	Crystal Palace	Nott'm Forest	casa	E	1	1	3	3	4.0	8.0	1.0	11.0	11.0	3	0	2.35	3.3	3.1
2025-08-24	Nott'm Forest	Crystal Palace	fora	E	1	1	3	3	1.0	9.0	3.0	11.0	11.0	3	0	2.35	3.3	3.1
2025-08-24	Everton	Brighton	casa	V	2	0	3	3	3.0	11.0	2.0	15.0	7.0	4	0	3.1	3.3	2.3
2025-08-24	Brighton	Everton	fora	D	0	2	3	3	4.0	13.0	2.0	7.0	15.0	3	0	3.1	3.3	2.3
2025-08-24	Fulham	Man United	casa	E	1	1	3	3	4.0	13.0	9.0	10.0	12.0	1	0	3.25	3.5	2.15
2025-08-24	Man United	Fulham	fora	E	1	1	3	3	3.0	10.0	6.0	12.0	10.0	1	0	3.25	3.5	2.15
2025-08-25	Newcastle	Liverpool	casa	D	2	3	3	3	3.0	10.0	7.0	15.0	17.0	2	1	3.25	3.8	2.05
2025-08-25	Liverpool	Newcastle	fora	V	3	2	3	3	4.0	5.0	1.0	17.0	15.0	3	0	3.25	3.8	2.05
2025-08-30	Chelsea	Fulham	casa	V	2	0	3	3	6.0	13.0	6.0	17.0	11.0	2	0	1.55	4.33	5.25
2025-08-30	Fulham	Chelsea	fora	D	0	2	3	3	3.0	11.0	4.0	11.0	17.0	2	0	1.55	4.33	5.25
2025-08-30	Man United	Burnley	casa	V	3	2	3	3	6.0	26.0	7.0	9.0	9.0	1	0	1.33	5.25	8.0
2025-08-30	Burnley	Man United	fora	D	2	3	3	3	3.0	6.0	1.0	9.0	9.0	5	0	1.33	5.25	8.0
2025-08-30	Sunderland	Brentford	casa	V	2	1	3	3	3.0	12.0	3.0	12.0	11.0	3	0	3.0	3.3	2.4
2025-08-30	Brentford	Sunderland	fora	D	1	2	3	3	4.0	7.0	4.0	11.0	12.0	2	0	3.0	3.3	2.4
2025-08-30	Tottenham	Bournemouth	casa	D	0	1	3	3	1.0	5.0	0.0	13.0	17.0	2	0	1.73	4.2	4.2
2025-08-30	Bournemouth	Tottenham	fora	V	1	0	3	3	6.0	20.0	8.0	17.0	13.0	4	0	1.73	4.2	4.2
2025-08-30	Wolves	Everton	casa	D	2	3	3	3	4.0	12.0	2.0	10.0	15.0	0	0	2.7	3.2	2.75
2025-08-30	Everton	Wolves	fora	V	3	2	3	3	4.0	10.0	2.0	15.0	10.0	1	0	2.7	3.2	2.75
2025-08-30	Leeds	Newcastle	casa	E	0	0	3	3	1.0	10.0	5.0	15.0	10.0	1	0	3.5	3.4	2.1
2025-08-30	Newcastle	Leeds	fora	E	0	0	3	3	2.0	8.0	5.0	10.0	15.0	1	0	3.5	3.4	2.1
2025-08-31	Brighton	Man City	casa	V	2	1	3	3	7.0	12.0	3.0	14.0	16.0	2	0	3.8	3.9	1.9
2025-08-31	Man City	Brighton	fora	D	1	2	3	3	3.0	12.0	2.0	16.0	14.0	2	0	3.8	3.9	1.9
2025-08-31	Nott'm Forest	West Ham	casa	D	0	3	3	3	3.0	11.0	9.0	6.0	14.0	0	0	1.67	3.75	5.25
2025-08-31	West Ham	Nott'm Forest	fora	V	3	0	3	3	8.0	12.0	7.0	14.0	6.0	0	0	1.67	3.75	5.25
2025-08-31	Liverpool	Arsenal	casa	V	1	0	3	3	3.0	9.0	3.0	10.0	7.0	2	0	2.2	3.5	3.2
2025-08-31	Arsenal	Liverpool	fora	D	0	1	3	3	1.0	11.0	8.0	7.0	10.0	2	0	2.2	3.5	3.2
2025-08-31	Aston Villa	Crystal Palace	casa	D	0	3	3	3	4.0	13.0	10.0	14.0	7.0	2	0	1.85	3.7	4.0
2025-08-31	Crystal Palace	Aston Villa	fora	V	3	0	3	3	4.0	6.0	1.0	7.0	14.0	3	0	1.85	3.7	4.0
2025-09-13	Arsenal	Nott'm Forest	casa	V	3	0	3	3	5.0	16.0	8.0	11.0	8.0	1	0	1.38	5.0	8.0
2025-09-13	Nott'm Forest	Arsenal	fora	D	0	3	3	3	1.0	5.0	4.0	8.0	11.0	1	0	1.38	5.0	8.0
2025-09-13	Bournemouth	Brighton	casa	V	2	1	3	3	5.0	13.0	4.0	10.0	16.0	4	0	2.35	3.5	2.9
2025-09-13	Brighton	Bournemouth	fora	D	1	2	3	3	2.0	6.0	4.0	16.0	10.0	4	0	2.35	3.5	2.9
2025-09-13	Crystal Palace	Sunderland	casa	E	0	0	3	3	6.0	14.0	5.0	8.0	10.0	1	0	1.65	3.75	5.75
2025-09-13	Sunderland	Crystal Palace	fora	E	0	0	3	3	0.0	6.0	3.0	10.0	8.0	1	0	1.65	3.75	5.75
2025-09-13	Everton	Aston Villa	casa	E	0	0	3	3	2.0	20.0	10.0	15.0	17.0	3	0	2.45	3.3	2.9
2025-09-13	Aston Villa	Everton	fora	E	0	0	3	3	1.0	7.0	3.0	17.0	15.0	3	0	2.45	3.3	2.9
2025-09-13	Fulham	Leeds	casa	V	1	0	3	3	3.0	5.0	3.0	15.0	20.0	1	0	1.91	3.5	4.0
2025-09-13	Leeds	Fulham	fora	D	0	1	3	3	3.0	10.0	3.0	20.0	15.0	2	0	1.91	3.5	4.0
2025-09-13	Newcastle	Wolves	casa	V	1	0	3	3	4.0	16.0	10.0	17.0	10.0	1	0	1.42	4.75	7.0
2025-09-13	Wolves	Newcastle	fora	D	0	1	3	3	3.0	8.0	4.0	10.0	17.0	4	0	1.42	4.75	7.0
2025-09-13	West Ham	Tottenham	casa	D	0	3	3	3	4.0	7.0	2.0	7.0	8.0	0	1	3.4	3.6	2.1
2025-09-13	Tottenham	West Ham	fora	V	3	0	3	3	5.0	14.0	13.0	8.0	7.0	1	0	3.4	3.6	2.1
2025-09-13	Brentford	Chelsea	casa	E	2	2	3	3	4.0	7.0	5.0	9.0	13.0	3	0	4.5	3.9	1.73
2025-09-13	Chelsea	Brentford	fora	E	2	2	3	3	6.0	16.0	6.0	13.0	9.0	2	0	4.5	3.9	1.73
2025-09-14	Burnley	Liverpool	casa	D	0	1	3	3	0.0	3.0	1.0	9.0	9.0	0	0	8.0	5.5	1.33
2025-09-14	Liverpool	Burnley	fora	V	1	0	3	3	4.0	27.0	13.0	9.0	9.0	2	0	8.0	5.5	1.33
2025-09-14	Man City	Man United	casa	V	3	0	3	3	6.0	13.0	2.0	8.0	8.0	0	0	1.75	4.0	4.2
2025-09-14	Man United	Man City	fora	D	0	3	3	3	2.0	12.0	4.0	8.0	8.0	0	0	1.75	4.0	4.2
2025-09-20	Liverpool	Everton	casa	V	2	1	3	3	3.0	11.0	5.0	10.0	11.0	2	0	1.45	4.75	6.5
2025-09-20	Everton	Liverpool	fora	D	1	2	3	3	2.0	9.0	4.0	11.0	10.0	3	0	1.45	4.75	6.5
2025-09-20	Brighton	Tottenham	casa	E	2	2	3	3	4.0	12.0	2.0	13.0	10.0	1	0	2.25	3.7	3.0
2025-09-20	Tottenham	Brighton	fora	E	2	2	3	3	3.0	11.0	10.0	10.0	13.0	2	0	2.25	3.7	3.0
2025-09-20	Burnley	Nott'm Forest	casa	E	1	1	3	3	5.0	12.0	4.0	11.0	12.0	1	0	3.4	3.3	2.2
2025-09-20	Nott'm Forest	Burnley	fora	E	1	1	3	3	8.0	17.0	5.0	12.0	11.0	1	0	3.4	3.3	2.2
2025-09-20	West Ham	Crystal Palace	casa	D	1	2	3	3	3.0	8.0	8.0	5.0	15.0	3	0	2.88	3.5	2.38
2025-09-20	Crystal Palace	West Ham	fora	V	2	1	3	3	3.0	18.0	8.0	15.0	5.0	3	0	2.88	3.5	2.38
2025-09-20	Wolves	Leeds	casa	D	1	3	3	3	6.0	16.0	4.0	9.0	11.0	1	0	2.7	3.2	2.75
2025-09-20	Leeds	Wolves	fora	V	3	1	3	3	4.0	6.0	0.0	11.0	9.0	1	0	2.7	3.2	2.75
2025-09-20	Man United	Chelsea	casa	V	2	1	3	3	4.0	11.0	5.0	14.0	13.0	0	1	2.6	3.8	2.45
2025-09-20	Chelsea	Man United	fora	D	1	2	3	3	1.0	5.0	5.0	13.0	14.0	5	1	2.6	3.8	2.45
2025-09-20	Fulham	Brentford	casa	V	3	1	3	3	3.0	14.0	2.0	13.0	11.0	4	0	2.0	3.4	3.8
2025-09-20	Brentford	Fulham	fora	D	1	3	3	3	3.0	8.0	10.0	11.0	13.0	1	0	2.0	3.4	3.8
2025-09-21	Bournemouth	Newcastle	casa	E	0	0	3	3	2.0	11.0	5.0	10.0	7.0	2	0	2.5	3.5	2.7
2025-09-21	Newcastle	Bournemouth	fora	E	0	0	3	3	1.0	4.0	2.0	7.0	10.0	1	0	2.5	3.5	2.7
2025-09-21	Sunderland	Aston Villa	casa	E	1	1	3	3	4.0	14.0	6.0	8.0	14.0	2	1	3.4	3.5	2.1
2025-09-21	Aston Villa	Sunderland	fora	E	1	1	3	3	2.0	12.0	5.0	14.0	8.0	1	0	3.4	3.5	2.1
2025-09-21	Arsenal	Man City	casa	E	1	1	3	3	3.0	12.0	11.0	10.0	11.0	1	0	1.85	3.9	3.8
2025-09-21	Man City	Arsenal	fora	E	1	1	3	3	3.0	5.0	2.0	11.0	10.0	2	0	1.85	3.9	3.8
2025-09-27	Brentford	Man United	casa	V	3	1	3	3	8.0	10.0	4.0	10.0	14.0	2	0	3.4	3.8	2.0
2025-09-27	Man United	Brentford	fora	D	1	3	3	3	6.0	14.0	2.0	14.0	10.0	2	0	3.4	3.8	2.0
2025-09-27	Chelsea	Brighton	casa	D	1	3	3	3	3.0	13.0	5.0	16.0	9.0	3	1	1.85	3.8	3.8
2025-09-27	Brighton	Chelsea	fora	V	3	1	3	3	3.0	12.0	7.0	9.0	16.0	5	0	1.85	3.8	3.8
2025-09-27	Crystal Palace	Liverpool	casa	V	2	1	3	3	7.0	16.0	2.0	8.0	10.0	1	0	3.8	3.8	1.9
2025-09-27	Liverpool	Crystal Palace	fora	D	1	2	3	3	4.0	20.0	6.0	10.0	8.0	3	0	3.8	3.8	1.9
2025-09-27	Leeds	Bournemouth	casa	E	2	2	3	3	8.0	19.0	7.0	13.0	12.0	2	0	3.1	3.25	2.38
2025-09-27	Bournemouth	Leeds	fora	E	2	2	3	3	5.0	12.0	4.0	12.0	13.0	2	0	3.1	3.25	2.38
2025-09-27	Man City	Burnley	casa	V	5	1	3	3	8.0	21.0	10.0	7.0	5.0	1	0	1.17	7.5	15.0
2025-09-27	Burnley	Man City	fora	D	1	5	3	3	2.0	9.0	2.0	5.0	7.0	3	0	1.17	7.5	15.0
2025-09-27	Nott'm Forest	Sunderland	casa	D	0	1	3	3	6.0	22.0	7.0	6.0	11.0	4	0	1.75	3.75	4.5
2025-09-27	Sunderland	Nott'm Forest	fora	V	1	0	3	3	3.0	11.0	4.0	11.0	6.0	2	0	1.75	3.75	4.5
2025-09-27	Tottenham	Wolves	casa	E	1	1	3	3	3.0	10.0	10.0	11.0	9.0	3	0	1.5	4.5	6.0
2025-09-27	Wolves	Tottenham	fora	E	1	1	3	3	3.0	9.0	9.0	9.0	11.0	2	0	1.5	4.5	6.0
2025-09-28	Aston Villa	Fulham	casa	V	3	1	3	3	4.0	9.0	2.0	13.0	10.0	1	0	2.3	3.1	3.4
2025-09-28	Fulham	Aston Villa	fora	D	1	3	3	3	4.0	11.0	8.0	10.0	13.0	4	0	2.3	3.1	3.4
2025-09-28	Newcastle	Arsenal	casa	D	1	2	3	3	3.0	8.0	7.0	9.0	8.0	2	0	3.6	3.4	2.1
2025-09-28	Arsenal	Newcastle	fora	V	2	1	3	3	7.0	20.0	12.0	8.0	9.0	1	0	3.6	3.4	2.1
2025-09-29	Everton	West Ham	casa	E	1	1	3	3	6.0	12.0	3.0	16.0	7.0	3	0	1.7	3.75	5.0
2025-09-29	West Ham	Everton	fora	E	1	1	3	3	3.0	14.0	5.0	7.0	16.0	4	0	1.7	3.75	5.0
2025-10-03	Bournemouth	Fulham	casa	V	3	1	3	3	6.0	11.0	4.0	10.0	8.0	0	0	1.95	3.5	3.9
2025-10-03	Fulham	Bournemouth	fora	D	1	3	3	3	4.0	12.0	3.0	8.0	10.0	1	0	1.95	3.5	3.9
2025-10-04	Leeds	Tottenham	casa	D	1	2	3	3	4.0	16.0	4.0	12.0	10.0	2	0	2.7	3.5	2.5
2025-10-04	Tottenham	Leeds	fora	V	2	1	3	3	3.0	9.0	1.0	10.0	12.0	3	0	2.7	3.5	2.5
2025-10-04	Arsenal	West Ham	casa	V	2	0	3	3	5.0	21.0	8.0	14.0	14.0	0	0	1.18	6.5	17.0
2025-10-04	West Ham	Arsenal	fora	D	0	2	3	3	0.0	4.0	3.0	14.0	14.0	2	0	1.18	6.5	17.0
2025-10-04	Man United	Sunderland	casa	V	2	0	3	3	6.0	15.0	2.0	12.0	10.0	1	0	1.5	4.75	5.75
2025-10-04	Sunderland	Man United	fora	D	0	2	3	3	3.0	8.0	3.0	10.0	12.0	4	0	1.5	4.75	5.75
2025-10-04	Chelsea	Liverpool	casa	V	2	1	3	3	6.0	12.0	7.0	8.0	9.0	0	0	2.8	3.75	2.3
2025-10-04	Liverpool	Chelsea	fora	D	1	2	3	3	2.0	12.0	2.0	9.0	8.0	2	0	2.8	3.75	2.3
2025-10-05	Aston Villa	Burnley	casa	V	2	1	3	3	7.0	15.0	6.0	15.0	9.0	3	0	1.6	4.0	5.75
2025-10-05	Burnley	Aston Villa	fora	D	1	2	3	3	2.0	5.0	4.0	9.0	15.0	1	0	1.6	4.0	5.75
2025-10-05	Everton	Crystal Palace	casa	V	2	1	3	3	7.0	14.0	2.0	16.0	13.0	2	0	2.45	3.25	3.0
2025-10-05	Crystal Palace	Everton	fora	D	1	2	3	3	8.0	15.0	4.0	13.0	16.0	3	0	2.45	3.25	3.0
2025-10-05	Newcastle	Nott'm Forest	casa	V	2	0	3	3	9.0	18.0	8.0	15.0	16.0	0	0	1.57	4.2	5.5
2025-10-05	Nott'm Forest	Newcastle	fora	D	0	2	3	3	4.0	5.0	1.0	16.0	15.0	4	0	1.57	4.2	5.5
2025-10-05	Wolves	Brighton	casa	E	1	1	3	3	3.0	6.0	2.0	9.0	13.0	2	0	3.6	3.7	2.0
2025-10-05	Brighton	Wolves	fora	E	1	1	3	3	6.0	17.0	8.0	13.0	9.0	4	0	3.6	3.7	2.0
2025-10-05	Brentford	Man City	casa	D	0	1	3	3	1.0	6.0	3.0	6.0	10.0	3	0	4.75	4.5	1.62
2025-10-05	Man City	Brentford	fora	V	1	0	3	3	4.0	10.0	2.0	10.0	6.0	2	0	4.75	4.5	1.62
2025-10-18	Nott'm Forest	Chelsea	casa	D	0	3	3	3	2.0	12.0	5.0	16.0	13.0	2	0	3.7	3.8	1.95
2025-10-18	Chelsea	Nott'm Forest	fora	V	3	0	3	3	6.0	17.0	2.0	13.0	16.0	2	1	3.7	3.8	1.95
2025-10-18	Brighton	Newcastle	casa	V	2	1	3	3	5.0	13.0	8.0	9.0	9.0	0	0	2.63	3.4	2.6
2025-10-18	Newcastle	Brighton	fora	D	1	2	3	3	3.0	16.0	4.0	9.0	9.0	1	0	2.63	3.4	2.6
2025-10-18	Burnley	Leeds	casa	V	2	0	3	3	3.0	4.0	1.0	7.0	10.0	2	0	3.25	3.25	2.25
2025-10-18	Leeds	Burnley	fora	D	0	2	3	3	4.0	19.0	5.0	10.0	7.0	1	0	3.25	3.25	2.25
2025-10-18	Crystal Palace	Bournemouth	casa	E	3	3	3	3	7.0	20.0	6.0	16.0	8.0	1	0	2.2	3.4	3.25
2025-10-18	Bournemouth	Crystal Palace	fora	E	3	3	3	3	5.0	8.0	5.0	8.0	16.0	4	0	2.2	3.4	3.25
2025-10-18	Man City	Everton	casa	V	2	0	3	3	7.0	19.0	11.0	14.0	8.0	0	0	1.4	5.0	7.0
2025-10-18	Everton	Man City	fora	D	0	2	3	3	1.0	5.0	3.0	8.0	14.0	2	0	1.4	5.0	7.0
2025-10-18	Sunderland	Wolves	casa	V	2	0	3	3	2.0	8.0	3.0	12.0	5.0	0	0	2.5	3.0	3.1
2025-10-18	Wolves	Sunderland	fora	D	0	2	3	3	3.0	16.0	2.0	5.0	12.0	0	0	2.5	3.0	3.1
2025-10-18	Fulham	Arsenal	casa	D	0	1	3	3	0.0	9.0	6.0	4.0	11.0	0	0	5.75	4.1	1.55
2025-10-18	Arsenal	Fulham	fora	V	1	0	3	3	5.0	16.0	10.0	11.0	4.0	0	0	5.75	4.1	1.55
2025-10-19	Tottenham	Aston Villa	casa	D	1	2	3	3	3.0	9.0	6.0	7.0	11.0	2	0	2.05	3.5	3.5
2025-10-19	Aston Villa	Tottenham	fora	V	2	1	3	3	2.0	8.0	6.0	11.0	7.0	0	0	2.05	3.5	3.5
2025-10-19	Liverpool	Man United	casa	D	1	2	3	3	6.0	19.0	9.0	14.0	8.0	0	0	1.6	4.5	5.0
2025-10-19	Man United	Liverpool	fora	V	2	1	3	3	4.0	12.0	4.0	8.0	14.0	2	0	1.6	4.5	5.0
2025-10-20	West Ham	Brentford	casa	D	0	2	3	3	1.0	7.0	6.0	10.0	10.0	1	0	2.5	3.25	2.88
2025-10-20	Brentford	West Ham	fora	V	2	0	3	3	7.0	22.0	10.0	10.0	10.0	1	0	2.5	3.25	2.88
2025-10-24	Leeds	West Ham	casa	V	2	1	3	3	5.0	13.0	3.0	11.0	12.0	3	0	1.8	3.5	4.75
2025-10-24	West Ham	Leeds	fora	D	1	2	3	3	3.0	9.0	4.0	12.0	11.0	3	0	1.8	3.5	4.75
2025-10-25	Chelsea	Sunderland	casa	D	1	2	3	3	7.0	16.0	9.0	13.0	15.0	1	0	1.36	4.75	9.0
2025-10-25	Sunderland	Chelsea	fora	V	2	1	3	3	4.0	10.0	1.0	15.0	13.0	1	0	1.36	4.75	9.0
2025-10-25	Newcastle	Fulham	casa	V	2	1	3	3	7.0	18.0	4.0	18.0	11.0	0	0	1.62	3.9	5.5
2025-10-25	Fulham	Newcastle	fora	D	1	2	3	3	5.0	12.0	3.0	11.0	18.0	2	0	1.62	3.9	5.5
2025-10-25	Man United	Brighton	casa	V	4	2	3	3	9.0	13.0	1.0	13.0	4.0	2	0	1.95	3.8	3.5
2025-10-25	Brighton	Man United	fora	D	2	4	3	3	5.0	17.0	6.0	4.0	13.0	2	0	1.95	3.8	3.5
2025-10-25	Brentford	Liverpool	casa	V	3	2	3	3	8.0	17.0	5.0	10.0	7.0	3	0	4.1	4.2	1.75
2025-10-25	Liverpool	Brentford	fora	D	2	3	3	3	5.0	18.0	4.0	7.0	10.0	2	0	4.1	4.2	1.75
2025-10-26	Arsenal	Crystal Palace	casa	V	1	0	3	3	3.0	10.0	4.0	11.0	6.0	0	0	1.4	4.75	7.5
2025-10-26	Crystal Palace	Arsenal	fora	D	0	1	3	3	1.0	7.0	3.0	6.0	11.0	0	0	1.4	4.75	7.5
2025-10-26	Aston Villa	Man City	casa	V	1	0	3	3	3.0	9.0	5.0	16.0	8.0	1	0	4.33	3.8	1.8
2025-10-26	Man City	Aston Villa	fora	D	0	1	3	3	4.0	18.0	6.0	8.0	16.0	4	0	4.33	3.8	1.8
2025-10-26	Bournemouth	Nott'm Forest	casa	V	2	0	3	3	5.0	13.0	6.0	7.0	17.0	3	0	1.8	3.8	4.33
2025-10-26	Nott'm Forest	Bournemouth	fora	D	0	2	3	3	4.0	8.0	4.0	17.0	7.0	1	0	1.8	3.8	4.33
2025-10-26	Wolves	Burnley	casa	D	2	3	3	3	7.0	15.0	5.0	7.0	12.0	1	0	1.95	3.3	4.2
2025-10-26	Burnley	Wolves	fora	V	3	2	3	3	7.0	11.0	3.0	12.0	7.0	0	0	1.95	3.3	4.2
2025-10-26	Everton	Tottenham	casa	D	0	3	3	3	2.0	12.0	9.0	8.0	9.0	2	0	2.35	3.4	3.0
2025-10-26	Tottenham	Everton	fora	V	3	0	3	3	4.0	7.0	8.0	9.0	8.0	0	0	2.35	3.4	3.0
2025-11-01	Brighton	Leeds	casa	V	3	0	3	3	7.0	14.0	4.0	7.0	10.0	0	0	1.85	3.75	4.0
2025-11-01	Leeds	Brighton	fora	D	0	3	3	3	2.0	5.0	7.0	10.0	7.0	1	0	1.85	3.75	4.0
2025-11-01	Burnley	Arsenal	casa	D	0	2	3	3	0.0	3.0	1.0	13.0	10.0	2	0	10.0	6.0	1.27
2025-11-01	Arsenal	Burnley	fora	V	2	0	3	3	8.0	12.0	6.0	10.0	13.0	1	0	10.0	6.0	1.27
2025-11-01	Crystal Palace	Brentford	casa	V	2	0	3	3	2.0	9.0	6.0	11.0	7.0	0	0	1.91	3.6	3.9
2025-11-01	Brentford	Crystal Palace	fora	D	0	2	3	3	2.0	6.0	5.0	7.0	11.0	3	0	1.91	3.6	3.9
2025-11-01	Fulham	Wolves	casa	V	3	0	3	3	6.0	19.0	10.0	14.0	13.0	1	0	1.83	3.5	4.5
2025-11-01	Wolves	Fulham	fora	D	0	3	3	3	2.0	5.0	1.0	13.0	14.0	3	1	1.83	3.5	4.5
2025-11-01	Nott'm Forest	Man United	casa	E	2	2	3	3	3.0	17.0	8.0	7.0	10.0	1	0	3.3	3.75	2.05
2025-11-01	Man United	Nott'm Forest	fora	E	2	2	3	3	7.0	18.0	5.0	10.0	7.0	1	0	3.3	3.75	2.05
2025-11-01	Tottenham	Chelsea	casa	D	0	1	3	3	1.0	3.0	6.0	12.0	14.0	4	0	2.7	3.5	2.5
2025-11-01	Chelsea	Tottenham	fora	V	1	0	3	3	9.0	15.0	5.0	14.0	12.0	2	0	2.7	3.5	2.5
2025-11-01	Liverpool	Aston Villa	casa	V	2	0	3	3	4.0	16.0	1.0	11.0	13.0	2	0	1.65	4.33	4.5
2025-11-01	Aston Villa	Liverpool	fora	D	0	2	3	3	3.0	10.0	4.0	13.0	11.0	3	0	1.65	4.33	4.5
2025-11-02	West Ham	Newcastle	casa	V	3	1	3	3	9.0	15.0	7.0	10.0	5.0	1	0	5.25	4.0	1.62
2025-11-02	Newcastle	West Ham	fora	D	1	3	3	3	4.0	12.0	6.0	5.0	10.0	2	0	5.25	4.0	1.62
2025-11-02	Man City	Bournemouth	casa	V	3	1	3	3	8.0	15.0	10.0	11.0	8.0	2	0	1.5	4.75	5.75
2025-11-02	Bournemouth	Man City	fora	D	1	3	3	3	5.0	8.0	4.0	8.0	11.0	2	0	1.5	4.75	5.75
2025-11-03	Sunderland	Everton	casa	E	1	1	3	3	3.0	17.0	4.0	12.0	10.0	3	0	2.7	3.2	2.7
2025-11-03	Everton	Sunderland	fora	E	1	1	3	3	2.0	8.0	1.0	10.0	12.0	2	0	2.7	3.2	2.7
2025-11-08	Tottenham	Man United	casa	E	2	2	3	3	4.0	10.0	5.0	8.0	10.0	5	0	2.63	3.6	2.5
2025-11-08	Man United	Tottenham	fora	E	2	2	3	3	2.0	5.0	3.0	10.0	8.0	1	0	2.63	3.6	2.5
2025-11-08	Everton	Fulham	casa	V	2	0	3	3	5.0	14.0	7.0	14.0	11.0	2	0	2.2	3.3	3.4
2025-11-08	Fulham	Everton	fora	D	0	2	3	3	4.0	8.0	5.0	11.0	14.0	2	0	2.2	3.3	3.4
2025-11-08	West Ham	Burnley	casa	V	3	2	3	3	6.0	15.0	7.0	13.0	15.0	2	0	1.91	3.5	4.0
2025-11-08	Burnley	West Ham	fora	D	2	3	3	3	7.0	16.0	4.0	15.0	13.0	2	0	1.91	3.5	4.0
2025-11-08	Sunderland	Arsenal	casa	E	2	2	3	3	2.0	6.0	2.0	13.0	13.0	2	0	7.5	5.0	1.38
2025-11-08	Arsenal	Sunderland	fora	E	2	2	3	3	7.0	17.0	2.0	13.0	13.0	1	0	7.5	5.0	1.38
2025-11-08	Chelsea	Wolves	casa	V	3	0	3	3	8.0	20.0	10.0	14.0	12.0	1	0	1.36	4.75	8.5
2025-11-08	Wolves	Chelsea	fora	D	0	3	3	3	0.0	3.0	1.0	12.0	14.0	2	0	1.36	4.75	8.5
2025-11-09	Aston Villa	Bournemouth	casa	V	4	0	3	3	8.0	16.0	6.0	20.0	8.0	2	0	2.2	3.4	3.25
2025-11-09	Bournemouth	Aston Villa	fora	D	0	4	3	3	4.0	13.0	9.0	8.0	20.0	2	0	2.2	3.4	3.25
2025-11-09	Brentford	Newcastle	casa	V	3	1	3	3	7.0	15.0	6.0	13.0	10.0	2	0	2.8	3.5	2.45
2025-11-09	Newcastle	Brentford	fora	D	1	3	3	3	1.0	5.0	2.0	10.0	13.0	1	0	2.8	3.5	2.45
2025-11-09	Crystal Palace	Brighton	casa	E	0	0	3	3	2.0	10.0	4.0	12.0	10.0	1	0	2.25	3.5	3.1
2025-11-09	Brighton	Crystal Palace	fora	E	0	0	3	3	3.0	7.0	8.0	10.0	12.0	4	0	2.25	3.5	3.1
2025-11-09	Nott'm Forest	Leeds	casa	V	3	1	3	3	6.0	14.0	6.0	11.0	10.0	2	0	2.25	3.25	3.3
2025-11-09	Leeds	Nott'm Forest	fora	D	1	3	3	3	3.0	10.0	4.0	10.0	11.0	1	0	2.25	3.25	3.3
2025-11-09	Man City	Liverpool	casa	V	3	0	3	3	6.0	14.0	7.0	15.0	14.0	2	0	1.9	3.9	3.7
2025-11-09	Liverpool	Man City	fora	D	0	3	3	3	1.0	7.0	7.0	14.0	15.0	4	0	1.9	3.9	3.7
2025-11-22	Burnley	Chelsea	casa	D	0	2	3	3	2.0	8.0	1.0	8.0	13.0	2	0	6.25	4.5	1.48
2025-11-22	Chelsea	Burnley	fora	V	2	0	3	3	5.0	15.0	9.0	13.0	8.0	3	0	6.25	4.5	1.48
2025-11-22	Bournemouth	West Ham	casa	E	2	2	3	3	10.0	28.0	9.0	10.0	9.0	3	0	1.62	4.2	4.75
2025-11-22	West Ham	Bournemouth	fora	E	2	2	3	3	2.0	5.0	2.0	9.0	10.0	2	0	1.62	4.2	4.75
2025-11-22	Brighton	Brentford	casa	V	2	1	3	3	5.0	14.0	7.0	9.0	10.0	4	0	1.91	3.6	4.0
2025-11-22	Brentford	Brighton	fora	D	1	2	3	3	4.0	10.0	4.0	10.0	9.0	2	0	1.91	3.6	4.0
2025-11-22	Fulham	Sunderland	casa	V	1	0	3	3	6.0	24.0	7.0	13.0	5.0	3	0	2.1	3.25	3.75
2025-11-22	Sunderland	Fulham	fora	D	0	1	3	3	2.0	4.0	4.0	5.0	13.0	3	0	2.1	3.25	3.75
2025-11-22	Liverpool	Nott'm Forest	casa	D	0	3	3	3	4.0	21.0	8.0	8.0	11.0	2	0	1.44	5.0	6.25
2025-11-22	Nott'm Forest	Liverpool	fora	V	3	0	3	3	7.0	15.0	6.0	11.0	8.0	0	0	1.44	5.0	6.25
2025-11-22	Wolves	Crystal Palace	casa	D	0	2	3	3	1.0	8.0	1.0	9.0	13.0	2	0	3.8	3.6	1.95
2025-11-22	Crystal Palace	Wolves	fora	V	2	0	3	3	4.0	10.0	4.0	13.0	9.0	3	0	3.8	3.6	1.95
2025-11-22	Newcastle	Man City	casa	V	2	1	3	3	5.0	9.0	5.0	8.0	13.0	1	0	3.6	3.8	1.95
2025-11-22	Man City	Newcastle	fora	D	1	2	3	3	4.0	17.0	9.0	13.0	8.0	3	0	3.6	3.8	1.95
2025-11-23	Leeds	Aston Villa	casa	D	1	2	3	3	5.0	14.0	3.0	16.0	18.0	5	0	3.0	3.3	2.4
2025-11-23	Aston Villa	Leeds	fora	V	2	1	3	3	3.0	14.0	3.0	18.0	16.0	1	0	3.0	3.3	2.4
2025-11-23	Arsenal	Tottenham	casa	V	4	1	3	3	8.0	17.0	4.0	15.0	11.0	1	0	1.42	4.75	7.5
2025-11-23	Tottenham	Arsenal	fora	D	1	4	3	3	2.0	3.0	1.0	11.0	15.0	3	0	1.42	4.75	7.5
2025-11-24	Man United	Everton	casa	D	0	1	3	3	6.0	25.0	9.0	9.0	12.0	2	0	1.75	4.0	4.33
2025-11-24	Everton	Man United	fora	V	1	0	3	3	1.0	3.0	1.0	12.0	9.0	0	1	1.75	4.0	4.33
2025-11-29	Brentford	Burnley	casa	V	3	1	3	3	4.0	14.0	5.0	7.0	7.0	0	0	1.45	4.5	7.0
2025-11-29	Burnley	Brentford	fora	D	1	3	3	3	2.0	6.0	6.0	7.0	7.0	2	0	1.45	4.5	7.0
2025-11-29	Man City	Leeds	casa	V	3	2	3	3	9.0	18.0	8.0	11.0	17.0	4	0	1.22	6.5	12.0
2025-11-29	Leeds	Man City	fora	D	2	3	3	3	4.0	9.0	1.0	17.0	11.0	1	0	1.22	6.5	12.0
2025-11-29	Sunderland	Bournemouth	casa	V	3	2	3	3	6.0	12.0	6.0	13.0	14.0	5	0	3.2	3.3	2.3
2025-11-29	Bournemouth	Sunderland	fora	D	2	3	3	3	6.0	18.0	3.0	14.0	13.0	5	1	3.2	3.3	2.3
2025-11-29	Everton	Newcastle	casa	D	1	4	3	3	2.0	10.0	8.0	6.0	4.0	0	0	2.8	3.25	2.63
2025-11-29	Newcastle	Everton	fora	V	4	1	3	3	8.0	13.0	7.0	4.0	6.0	0	0	2.8	3.25	2.63
2025-11-29	Tottenham	Fulham	casa	D	1	2	3	3	2.0	14.0	8.0	7.0	11.0	3	0	2.2	3.3	3.3
2025-11-29	Fulham	Tottenham	fora	V	2	1	3	3	3.0	7.0	2.0	11.0	7.0	2	0	2.2	3.3	3.3
2025-11-30	Crystal Palace	Man United	casa	D	1	2	3	3	3.0	14.0	4.0	14.0	14.0	3	0	2.3	3.4	3.1
2025-11-30	Man United	Crystal Palace	fora	V	2	1	3	3	6.0	14.0	4.0	14.0	14.0	2	0	2.3	3.4	3.1
2025-11-30	Aston Villa	Wolves	casa	V	1	0	3	3	6.0	16.0	7.0	21.0	13.0	0	0	1.5	4.33	6.5
2025-11-30	Wolves	Aston Villa	fora	D	0	1	3	3	4.0	9.0	3.0	13.0	21.0	4	0	1.5	4.33	6.5
2025-11-30	Nott'm Forest	Brighton	casa	D	0	2	3	3	3.0	19.0	9.0	10.0	11.0	0	0	2.75	3.3	2.63
2025-11-30	Brighton	Nott'm Forest	fora	V	2	0	3	3	6.0	17.0	2.0	11.0	10.0	1	0	2.75	3.3	2.63
2025-11-30	West Ham	Liverpool	casa	D	0	2	3	3	0.0	7.0	7.0	14.0	12.0	1	1	4.33	4.33	1.67
2025-11-30	Liverpool	West Ham	fora	V	2	0	3	3	5.0	9.0	2.0	12.0	14.0	0	0	4.33	4.33	1.67
2025-11-30	Chelsea	Arsenal	casa	E	1	1	3	3	4.0	11.0	3.0	13.0	12.0	1	1	3.4	3.3	2.2
2025-11-30	Arsenal	Chelsea	fora	E	1	1	3	3	4.0	8.0	3.0	12.0	13.0	6	0	3.4	3.3	2.2
2025-12-02	Bournemouth	Everton	casa	D	0	1	3	3	2.0	5.0	1.0	14.0	14.0	3	0	2.2	3.25	3.3
2025-12-02	Everton	Bournemouth	fora	V	1	0	3	3	3.0	13.0	6.0	14.0	14.0	3	0	2.2	3.25	3.3
2025-12-02	Fulham	Man City	casa	D	4	5	3	3	6.0	12.0	7.0	7.0	9.0	0	0	4.33	4.1	1.73
2025-12-02	Man City	Fulham	fora	V	5	4	3	3	4.0	11.0	2.0	9.0	7.0	1	0	4.33	4.1	1.73
2025-12-02	Newcastle	Tottenham	casa	E	2	2	3	3	7.0	19.0	11.0	12.0	5.0	0	0	1.83	3.8	4.1
2025-12-02	Tottenham	Newcastle	fora	E	2	2	3	3	2.0	8.0	8.0	5.0	12.0	3	0	1.83	3.8	4.1
2025-12-03	Arsenal	Brentford	casa	V	2	0	3	3	7.0	15.0	4.0	9.0	7.0	0	0	1.36	5.0	8.5
2025-12-03	Brentford	Arsenal	fora	D	0	2	3	3	1.0	6.0	8.0	7.0	9.0	1	0	1.36	5.0	8.5
2025-12-03	Brighton	Aston Villa	casa	D	3	4	3	3	7.0	16.0	5.0	9.0	10.0	2	0	2.15	3.5	3.4
2025-12-03	Aston Villa	Brighton	fora	V	4	3	3	3	10.0	14.0	6.0	10.0	9.0	2	0	2.15	3.5	3.4
2025-12-03	Burnley	Crystal Palace	casa	D	0	1	3	3	4.0	11.0	3.0	8.0	9.0	0	0	4.5	3.8	1.75
2025-12-03	Crystal Palace	Burnley	fora	V	1	0	3	3	3.0	3.0	4.0	9.0	8.0	0	0	4.5	3.8	1.75
2025-12-03	Wolves	Nott'm Forest	casa	D	0	1	3	3	1.0	5.0	3.0	11.0	19.0	2	0	3.25	3.4	2.25
2025-12-03	Nott'm Forest	Wolves	fora	V	1	0	3	3	3.0	10.0	9.0	19.0	11.0	2	0	3.25	3.4	2.25
2025-12-03	Leeds	Chelsea	casa	V	3	1	3	3	5.0	17.0	4.0	13.0	10.0	1	0	4.1	4.1	1.8
2025-12-03	Chelsea	Leeds	fora	D	1	3	3	3	2.0	14.0	2.0	10.0	13.0	1	0	4.1	4.1	1.8
2025-12-03	Liverpool	Sunderland	casa	E	1	1	3	3	4.0	23.0	7.0	5.0	10.0	1	0	1.36	5.25	7.0
2025-12-03	Sunderland	Liverpool	fora	E	1	1	3	3	6.0	9.0	3.0	10.0	5.0	1	0	1.36	5.25	7.0
2025-12-04	Man United	West Ham	casa	E	1	1	3	3	4.0	17.0	6.0	9.0	13.0	2	0	1.45	5.0	6.0
2025-12-04	West Ham	Man United	fora	E	1	1	3	3	3.0	11.0	6.0	13.0	9.0	2	0	1.45	5.0	6.0
2025-12-06	Aston Villa	Arsenal	casa	V	2	1	3	3	6.0	15.0	3.0	8.0	10.0	0	0	4.2	3.5	1.9
2025-12-06	Arsenal	Aston Villa	fora	D	1	2	3	3	9.0	15.0	3.0	10.0	8.0	2	0	4.2	3.5	1.9
2025-12-06	Bournemouth	Chelsea	casa	E	0	0	3	3	5.0	13.0	5.0	13.0	15.0	0	0	3.1	3.75	2.15
2025-12-06	Chelsea	Bournemouth	fora	E	0	0	3	3	4.0	11.0	0.0	15.0	13.0	2	0	3.1	3.75	2.15
2025-12-06	Everton	Nott'm Forest	casa	V	3	0	3	3	5.0	11.0	6.0	15.0	17.0	4	0	2.2	3.2	3.5
2025-12-06	Nott'm Forest	Everton	fora	D	0	3	3	3	3.0	7.0	3.0	17.0	15.0	3	0	2.2	3.2	3.5
2025-12-06	Man City	Sunderland	casa	V	3	0	3	3	6.0	18.0	6.0	10.0	9.0	1	0	1.25	6.5	10.0
2025-12-06	Sunderland	Man City	fora	D	0	3	3	3	1.0	8.0	5.0	9.0	10.0	0	1	1.25	6.5	10.0
2025-12-06	Newcastle	Burnley	casa	V	2	1	3	3	7.0	17.0	9.0	11.0	9.0	2	0	1.27	6.0	9.5
2025-12-06	Burnley	Newcastle	fora	D	1	2	3	3	3.0	9.0	9.0	9.0	11.0	2	1	1.27	6.0	9.5
2025-12-06	Tottenham	Brentford	casa	V	2	0	3	3	7.0	15.0	7.0	9.0	8.0	3	0	2.3	3.5	3.0
2025-12-06	Brentford	Tottenham	fora	D	0	2	3	3	1.0	4.0	6.0	8.0	9.0	4	0	2.3	3.5	3.0
2025-12-06	Leeds	Liverpool	casa	E	3	3	3	3	5.0	12.0	5.0	14.0	14.0	3	0	3.8	4.0	1.85
2025-12-06	Liverpool	Leeds	fora	E	3	3	3	3	7.0	16.0	4.0	14.0	14.0	3	0	3.8	4.0	1.85
2025-12-07	Brighton	West Ham	casa	E	1	1	3	3	4.0	22.0	10.0	8.0	12.0	2	0	1.55	4.33	5.75
2025-12-07	West Ham	Brighton	fora	E	1	1	3	3	5.0	14.0	6.0	12.0	8.0	2	0	1.55	4.33	5.75
2025-12-07	Fulham	Crystal Palace	casa	D	1	2	3	3	4.0	12.0	6.0	8.0	5.0	0	0	2.55	3.3	2.8
2025-12-07	Crystal Palace	Fulham	fora	V	2	1	3	3	5.0	11.0	4.0	5.0	8.0	0	0	2.55	3.3	2.8
2025-12-08	Wolves	Man United	casa	D	1	4	3	3	2.0	8.0	1.0	12.0	17.0	3	0	4.2	4.0	1.75
2025-12-08	Man United	Wolves	fora	V	4	1	3	3	10.0	27.0	9.0	17.0	12.0	2	0	4.2	4.0	1.75
2025-12-13	Chelsea	Everton	casa	V	2	0	3	3	5.0	17.0	4.0	11.0	13.0	1	0	1.67	3.8	5.25
2025-12-13	Everton	Chelsea	fora	D	0	2	3	3	2.0	11.0	7.0	13.0	11.0	0	0	1.67	3.8	5.25
2025-12-13	Liverpool	Brighton	casa	V	2	0	3	3	4.0	18.0	2.0	15.0	8.0	1	0	1.67	4.0	4.75
2025-12-13	Brighton	Liverpool	fora	D	0	2	3	3	1.0	14.0	2.0	8.0	15.0	2	0	1.67	4.0	4.75
2025-12-13	Burnley	Fulham	casa	D	2	3	3	3	8.0	16.0	10.0	8.0	8.0	1	0	4.0	3.5	1.91
2025-12-13	Fulham	Burnley	fora	V	3	2	3	3	4.0	6.0	4.0	8.0	8.0	2	0	4.0	3.5	1.91
2025-12-13	Arsenal	Wolves	casa	V	2	1	3	3	2.0	16.0	8.0	15.0	7.0	0	0	1.13	8.5	21.0
2025-12-13	Wolves	Arsenal	fora	D	1	2	3	3	2.0	3.0	0.0	7.0	15.0	4	0	1.13	8.5	21.0
2025-12-14	Crystal Palace	Man City	casa	D	0	3	3	3	4.0	16.0	2.0	6.0	9.0	2	0	3.9	3.9	1.85
2025-12-14	Man City	Crystal Palace	fora	V	3	0	3	3	6.0	7.0	2.0	9.0	6.0	0	0	3.9	3.9	1.85
2025-12-14	Nott'm Forest	Tottenham	casa	V	3	0	3	3	6.0	15.0	3.0	13.0	9.0	1	0	2.55	3.3	2.8
2025-12-14	Tottenham	Nott'm Forest	fora	D	0	3	3	3	1.0	6.0	3.0	9.0	13.0	3	0	2.55	3.3	2.8
2025-12-14	Sunderland	Newcastle	casa	V	1	0	3	3	1.0	5.0	3.0	10.0	10.0	5	0	3.3	3.3	2.25
2025-12-14	Newcastle	Sunderland	fora	D	0	1	3	3	2.0	6.0	6.0	10.0	10.0	4	0	3.3	3.3	2.25
2025-12-14	West Ham	Aston Villa	casa	D	2	3	3	3	3.0	10.0	5.0	13.0	18.0	1	0	3.75	3.5	2.0
2025-12-14	Aston Villa	West Ham	fora	V	3	2	3	3	4.0	7.0	3.0	18.0	13.0	2	0	3.75	3.5	2.0
2025-12-14	Brentford	Leeds	casa	E	1	1	3	3	2.0	7.0	0.0	9.0	8.0	0	0	1.91	3.6	4.0
2025-12-14	Leeds	Brentford	fora	E	1	1	3	3	4.0	18.0	3.0	8.0	9.0	0	0	1.91	3.6	4.0
2025-12-15	Man United	Bournemouth	casa	E	4	4	3	3	9.0	25.0	5.0	12.0	15.0	2	0	1.83	4.0	3.8
2025-12-15	Bournemouth	Man United	fora	E	4	4	3	3	9.0	14.0	4.0	15.0	12.0	3	0	1.83	4.0	3.8
2025-12-20	Newcastle	Chelsea	casa	E	2	2	3	3	5.0	11.0	6.0	14.0	13.0	3	0	2.75	3.6	2.45
2025-12-20	Chelsea	Newcastle	fora	E	2	2	3	3	4.0	13.0	4.0	13.0	14.0	6	0	2.75	3.6	2.45
2025-12-20	Bournemouth	Burnley	casa	E	1	1	3	3	1.0	16.0	5.0	11.0	11.0	1	0	1.48	4.33	6.5
2025-12-20	Burnley	Bournemouth	fora	E	1	1	3	3	1.0	4.0	3.0	11.0	11.0	1	0	1.48	4.33	6.5
2025-12-20	Brighton	Sunderland	casa	E	0	0	3	3	4.0	16.0	3.0	15.0	11.0	2	0	1.67	4.0	5.25
2025-12-20	Sunderland	Brighton	fora	E	0	0	3	3	6.0	14.0	4.0	11.0	15.0	2	0	1.67	4.0	5.25
2025-12-20	Man City	West Ham	casa	V	3	0	3	3	8.0	17.0	6.0	10.0	16.0	1	0	1.22	8.0	10.0
2025-12-20	West Ham	Man City	fora	D	0	3	3	3	3.0	7.0	0.0	16.0	10.0	1	0	1.22	8.0	10.0
2025-12-20	Wolves	Brentford	casa	D	0	2	3	3	2.0	9.0	3.0	15.0	12.0	2	0	3.5	3.6	2.05
2025-12-20	Brentford	Wolves	fora	V	2	0	3	3	6.0	7.0	4.0	12.0	15.0	4	0	3.5	3.6	2.05
2025-12-20	Tottenham	Liverpool	casa	D	1	2	3	3	4.0	15.0	2.0	7.0	9.0	3	2	3.5	3.75	2.0
2025-12-20	Liverpool	Tottenham	fora	V	2	1	3	3	4.0	8.0	6.0	9.0	7.0	3	0	3.5	3.75	2.0
2025-12-20	Everton	Arsenal	casa	D	0	1	3	3	1.0	5.0	2.0	5.0	4.0	2	0	5.75	4.1	1.57
2025-12-20	Arsenal	Everton	fora	V	1	0	3	3	2.0	13.0	3.0	4.0	5.0	2	0	5.75	4.1	1.57
2025-12-20	Leeds	Crystal Palace	casa	V	4	1	3	3	8.0	20.0	9.0	10.0	5.0	1	0	2.6	3.3	2.75
2025-12-20	Crystal Palace	Leeds	fora	D	1	4	3	3	3.0	9.0	5.0	5.0	10.0	3	0	2.6	3.3	2.75
2025-12-21	Aston Villa	Man United	casa	V	2	1	3	3	4.0	12.0	5.0	14.0	11.0	1	0	2.1	3.6	3.3
2025-12-21	Man United	Aston Villa	fora	D	1	2	3	3	6.0	15.0	5.0	11.0	14.0	2	0	2.1	3.6	3.3
2025-12-22	Fulham	Nott'm Forest	casa	V	1	0	3	3	1.0	11.0	1.0	9.0	5.0	5	0	2.4	3.25	3.0
2025-12-22	Nott'm Forest	Fulham	fora	D	0	1	3	3	2.0	12.0	5.0	5.0	9.0	4	0	2.4	3.25	3.0
2025-12-26	Man United	Newcastle	casa	V	1	0	3	3	4.0	10.0	2.0	5.0	9.0	2	0	2.55	3.6	2.6
2025-12-26	Newcastle	Man United	fora	D	0	1	3	3	3.0	16.0	11.0	9.0	5.0	1	0	2.55	3.6	2.6
2025-12-27	Nott'm Forest	Man City	casa	D	1	2	3	3	2.0	7.0	5.0	13.0	5.0	1	0	5.0	4.33	1.6
2025-12-27	Man City	Nott'm Forest	fora	V	2	1	3	3	5.0	16.0	5.0	5.0	13.0	2	0	5.0	4.33	1.6
2025-12-27	Arsenal	Brighton	casa	V	2	1	3	3	6.0	24.0	7.0	13.0	7.0	2	0	1.42	4.75	7.0
2025-12-27	Brighton	Arsenal	fora	D	1	2	3	3	3.0	8.0	2.0	7.0	13.0	3	0	1.42	4.75	7.0
2025-12-27	Brentford	Bournemouth	casa	V	4	1	3	3	7.0	15.0	2.0	8.0	9.0	2	0	2.25	3.6	3.0
2025-12-27	Bournemouth	Brentford	fora	D	1	4	3	3	10.0	20.0	15.0	9.0	8.0	2	0	2.25	3.6	3.0
2025-12-27	Burnley	Everton	casa	E	0	0	3	3	0.0	16.0	6.0	8.0	8.0	0	0	4.1	3.4	1.95
2025-12-27	Everton	Burnley	fora	E	0	0	3	3	6.0	15.0	5.0	8.0	8.0	2	0	4.1	3.4	1.95
2025-12-27	Liverpool	Wolves	casa	V	2	1	3	3	4.0	14.0	6.0	13.0	5.0	0	0	1.25	6.5	10.0
2025-12-27	Wolves	Liverpool	fora	D	1	2	3	3	4.0	9.0	4.0	5.0	13.0	1	0	1.25	6.5	10.0
2025-12-27	West Ham	Fulham	casa	D	0	1	3	3	2.0	11.0	5.0	8.0	8.0	1	0	2.63	3.4	2.6
2025-12-27	Fulham	West Ham	fora	V	1	0	3	3	4.0	15.0	4.0	8.0	8.0	3	0	2.63	3.4	2.6
2025-12-27	Chelsea	Aston Villa	casa	D	1	2	3	3	3.0	14.0	6.0	8.0	16.0	5	0	1.83	3.9	4.0
2025-12-27	Aston Villa	Chelsea	fora	V	2	1	3	3	8.0	11.0	7.0	16.0	8.0	3	0	1.83	3.9	4.0
2025-12-28	Sunderland	Leeds	casa	E	1	1	3	3	3.0	8.0	3.0	9.0	7.0	1	0	2.5	3.1	2.88
2025-12-28	Leeds	Sunderland	fora	E	1	1	3	3	6.0	17.0	9.0	7.0	9.0	0	0	2.5	3.1	2.88
2025-12-28	Crystal Palace	Tottenham	casa	D	0	1	3	3	2.0	15.0	3.0	5.0	7.0	3	0	2.25	3.25	3.2
2025-12-28	Tottenham	Crystal Palace	fora	V	1	0	3	3	4.0	8.0	2.0	7.0	5.0	2	0	2.25	3.25	3.2
2025-12-30	Burnley	Newcastle	casa	D	1	3	3	3	4.0	15.0	3.0	3.0	9.0	2	0	5.25	4.2	1.6
2025-12-30	Newcastle	Burnley	fora	V	3	1	3	3	9.0	20.0	4.0	9.0	3.0	1	0	5.25	4.2	1.6
2025-12-30	Chelsea	Bournemouth	casa	E	2	2	3	3	3.0	17.0	12.0	12.0	5.0	1	0	1.5	4.75	5.75
2025-12-30	Bournemouth	Chelsea	fora	E	2	2	3	3	6.0	17.0	3.0	5.0	12.0	1	0	1.5	4.75	5.75
2025-12-30	Nott'm Forest	Everton	casa	D	0	2	3	3	6.0	21.0	9.0	9.0	11.0	1	0	2.1	3.25	3.7
2025-12-30	Everton	Nott'm Forest	fora	V	2	0	3	3	3.0	11.0	2.0	11.0	9.0	0	0	2.1	3.25	3.7
2025-12-30	West Ham	Brighton	casa	E	2	2	3	3	4.0	10.0	5.0	18.0	11.0	3	0	3.4	3.75	2.0
2025-12-30	Brighton	West Ham	fora	E	2	2	3	3	6.0	16.0	5.0	11.0	18.0	5	0	3.4	3.75	2.0
2025-12-30	Arsenal	Aston Villa	casa	V	4	1	3	3	7.0	22.0	3.0	9.0	18.0	2	0	1.42	4.75	7.0
2025-12-30	Aston Villa	Arsenal	fora	D	1	4	3	3	3.0	11.0	3.0	18.0	9.0	3	0	1.42	4.75	7.0
2025-12-30	Man United	Wolves	casa	E	1	1	3	3	6.0	15.0	8.0	12.0	9.0	0	0	1.36	5.25	8.0
2025-12-30	Wolves	Man United	fora	E	1	1	3	3	4.0	11.0	4.0	9.0	12.0	2	0	1.36	5.25	8.0
2026-01-01	Crystal Palace	Fulham	casa	E	1	1	3	3	2.0	11.0	6.0	10.0	7.0	0	0	2.15	3.3	3.4
2026-01-01	Fulham	Crystal Palace	fora	E	1	1	3	3	5.0	17.0	3.0	7.0	10.0	5	0	2.15	3.3	3.4
2026-01-01	Liverpool	Leeds	casa	E	0	0	3	3	4.0	19.0	8.0	8.0	10.0	0	0	1.55	4.5	5.5
2026-01-01	Leeds	Liverpool	fora	E	0	0	3	3	2.0	4.0	3.0	10.0	8.0	2	0	1.55	4.5	5.5
2026-01-01	Brentford	Tottenham	casa	E	0	0	3	3	2.0	7.0	3.0	10.0	8.0	1	0	2.1	3.6	3.2
2026-01-01	Tottenham	Brentford	fora	E	0	0	3	3	3.0	9.0	1.0	8.0	10.0	2	0	2.1	3.6	3.2
2026-01-01	Sunderland	Man City	casa	E	0	0	3	3	4.0	10.0	3.0	6.0	9.0	1	0	7.5	4.75	1.38
2026-01-01	Man City	Sunderland	fora	E	0	0	3	3	4.0	14.0	5.0	9.0	6.0	1	0	7.5	4.75	1.38
2026-01-03	Aston Villa	Nott'm Forest	casa	V	3	1	3	3	4.0	11.0	4.0	20.0	10.0	1	0	1.75	3.9	4.5
2026-01-03	Nott'm Forest	Aston Villa	fora	D	1	3	3	3	5.0	10.0	4.0	10.0	20.0	2	0	1.75	3.9	4.5
2026-01-03	Brighton	Burnley	casa	V	2	0	3	3	4.0	15.0	4.0	17.0	7.0	0	0	1.48	4.33	7.0
2026-01-03	Burnley	Brighton	fora	D	0	2	3	3	3.0	5.0	4.0	7.0	17.0	4	0	1.48	4.33	7.0
2026-01-03	Wolves	West Ham	casa	V	3	0	3	3	8.0	11.0	6.0	10.0	11.0	1	0	2.5	3.3	2.88
2026-01-03	West Ham	Wolves	fora	D	0	3	3	3	0.0	6.0	7.0	11.0	10.0	0	0	2.5	3.3	2.88
2026-01-03	Bournemouth	Arsenal	casa	D	2	3	3	3	3.0	15.0	7.0	8.0	13.0	3	0	6.5	4.75	1.44
2026-01-03	Arsenal	Bournemouth	fora	V	3	2	3	3	5.0	12.0	5.0	13.0	8.0	1	0	6.5	4.75	1.44
2026-01-04	Leeds	Man United	casa	E	1	1	3	3	3.0	11.0	6.0	9.0	9.0	0	0	2.7	3.3	2.63
2026-01-04	Man United	Leeds	fora	E	1	1	3	3	2.0	15.0	4.0	9.0	9.0	1	0	2.7	3.3	2.63
2026-01-04	Everton	Brentford	casa	D	2	4	3	3	6.0	14.0	4.0	8.0	9.0	0	0	2.35	3.25	3.1
2026-01-04	Brentford	Everton	fora	V	4	2	3	3	7.0	11.0	5.0	9.0	8.0	2	0	2.35	3.25	3.1
2026-01-04	Newcastle	Crystal Palace	casa	V	2	0	3	3	7.0	12.0	8.0	12.0	5.0	1	0	1.7	3.9	4.75
2026-01-04	Crystal Palace	Newcastle	fora	D	0	2	3	3	1.0	11.0	6.0	5.0	12.0	3	0	1.7	3.9	4.75
2026-01-04	Tottenham	Sunderland	casa	E	1	1	3	3	5.0	13.0	3.0	6.0	10.0	2	0	1.8	3.6	4.5
2026-01-04	Sunderland	Tottenham	fora	E	1	1	3	3	3.0	10.0	5.0	10.0	6.0	3	0	1.8	3.6	4.5
2026-01-04	Fulham	Liverpool	casa	E	2	2	3	3	2.0	8.0	3.0	4.0	11.0	1	0	3.8	3.75	1.91
2026-01-04	Liverpool	Fulham	fora	E	2	2	3	3	2.0	10.0	8.0	11.0	4.0	1	0	3.8	3.75	1.91
2026-01-04	Man City	Chelsea	casa	E	1	1	3	3	3.0	14.0	8.0	14.0	12.0	3	0	1.6	4.75	4.5
2026-01-04	Chelsea	Man City	fora	E	1	1	3	3	3.0	8.0	2.0	12.0	14.0	3	0	1.6	4.75	4.5
2026-01-06	West Ham	Nott'm Forest	casa	D	1	2	3	3	3.0	14.0	6.0	9.0	15.0	3	0	2.88	3.25	2.2
2026-01-06	Nott'm Forest	West Ham	fora	V	2	1	3	3	5.0	13.0	5.0	15.0	9.0	0	0	2.88	3.25	2.2
2026-01-07	Bournemouth	Tottenham	casa	V	3	2	3	3	3.0	11.0	3.0	10.0	19.0	3	0	2.1	3.6	3.3
2026-01-07	Tottenham	Bournemouth	fora	D	2	3	3	3	4.0	16.0	7.0	19.0	10.0	3	0	2.1	3.6	3.3
2026-01-07	Brentford	Sunderland	casa	V	3	0	3	3	6.0	18.0	7.0	13.0	13.0	2	0	1.85	3.5	4.33
2026-01-07	Sunderland	Brentford	fora	D	0	3	3	3	3.0	11.0	4.0	13.0	13.0	1	0	1.85	3.5	4.33
2026-01-07	Crystal Palace	Aston Villa	casa	E	0	0	3	3	5.0	11.0	3.0	3.0	8.0	2	0	3.1	3.3	2.3
2026-01-07	Aston Villa	Crystal Palace	fora	E	0	0	3	3	3.0	15.0	5.0	8.0	3.0	0	0	3.1	3.3	2.3
2026-01-07	Everton	Wolves	casa	E	1	1	3	3	2.0	13.0	2.0	15.0	13.0	1	2	1.75	3.5	5.0
2026-01-07	Wolves	Everton	fora	E	1	1	3	3	4.0	13.0	7.0	13.0	15.0	3	0	1.75	3.5	5.0
2026-01-07	Fulham	Chelsea	casa	V	2	1	3	3	5.0	16.0	2.0	6.0	11.0	3	0	3.4	3.6	2.05
2026-01-07	Chelsea	Fulham	fora	D	1	2	3	3	6.0	14.0	11.0	11.0	6.0	3	1	3.4	3.6	2.05
2026-01-07	Man City	Brighton	casa	E	1	1	3	3	6.0	22.0	6.0	16.0	6.0	1	0	1.4	5.25	6.5
2026-01-07	Brighton	Man City	fora	E	1	1	3	3	3.0	6.0	2.0	6.0	16.0	6	0	1.4	5.25	6.5
2026-01-07	Burnley	Man United	casa	E	2	2	3	3	1.0	7.0	2.0	8.0	9.0	2	0	4.75	4.0	1.7
2026-01-07	Man United	Burnley	fora	E	2	2	3	3	10.0	30.0	6.0	9.0	8.0	0	0	4.75	4.0	1.7
2026-01-07	Newcastle	Leeds	casa	V	4	3	3	3	8.0	18.0	8.0	10.0	11.0	3	0	1.67	3.8	5.0
2026-01-07	Leeds	Newcastle	fora	D	3	4	3	3	6.0	14.0	4.0	11.0	10.0	2	0	1.67	3.8	5.0
2026-01-08	Arsenal	Liverpool	casa	E	0	0	3	3	4.0	9.0	3.0	9.0	10.0	2	0	1.6	4.1	5.0
2026-01-08	Liverpool	Arsenal	fora	E	0	0	3	3	0.0	8.0	0.0	10.0	9.0	2	0	1.6	4.1	5.0
2026-01-17	Man United	Man City	casa	V	2	0	3	3	7.0	11.0	1.0	8.0	13.0	2	0	3.7	3.8	1.91
2026-01-17	Man City	Man United	fora	D	0	2	3	3	1.0	7.0	6.0	13.0	8.0	3	0	3.7	3.8	1.91
2026-01-17	Chelsea	Brentford	casa	V	2	0	3	3	2.0	6.0	3.0	10.0	7.0	3	0	1.73	4.0	4.75
2026-01-17	Brentford	Chelsea	fora	D	0	2	3	3	5.0	15.0	9.0	7.0	10.0	2	0	1.73	4.0	4.75
2026-01-17	Leeds	Fulham	casa	V	1	0	3	3	5.0	14.0	7.0	11.0	6.0	1	0	2.15	3.3	3.5
2026-01-17	Fulham	Leeds	fora	D	0	1	3	3	1.0	8.0	3.0	6.0	11.0	5	0	2.15	3.3	3.5
2026-01-17	Liverpool	Burnley	casa	E	1	1	3	3	11.0	32.0	9.0	10.0	8.0	1	0	1.22	6.5	11.0
2026-01-17	Burnley	Liverpool	fora	E	1	1	3	3	1.0	7.0	1.0	8.0	10.0	2	0	1.22	6.5	11.0
2026-01-17	Sunderland	Crystal Palace	casa	V	2	1	3	3	7.0	13.0	3.0	15.0	8.0	3	0	2.75	3.1	2.75
2026-01-17	Crystal Palace	Sunderland	fora	D	1	2	3	3	2.0	6.0	4.0	8.0	15.0	3	0	2.75	3.1	2.75
2026-01-17	Tottenham	West Ham	casa	D	1	2	3	3	6.0	21.0	11.0	17.0	12.0	5	0	1.73	4.0	4.5
2026-01-17	West Ham	Tottenham	fora	V	2	1	3	3	4.0	17.0	5.0	12.0	17.0	3	0	1.73	4.0	4.5
2026-01-17	Nott'm Forest	Arsenal	casa	E	0	0	3	3	0.0	6.0	4.0	14.0	8.0	1	0	6.0	4.33	1.53
2026-01-17	Arsenal	Nott'm Forest	fora	E	0	0	3	3	3.0	15.0	9.0	8.0	14.0	1	0	6.0	4.33	1.53
2026-01-18	Wolves	Newcastle	casa	E	0	0	3	3	2.0	6.0	4.0	8.0	14.0	2	0	4.75	4.0	1.7
2026-01-18	Newcastle	Wolves	fora	E	0	0	3	3	2.0	12.0	7.0	14.0	8.0	2	0	4.75	4.0	1.7
2026-01-18	Aston Villa	Everton	casa	D	0	1	3	3	5.0	18.0	6.0	13.0	15.0	1	0	1.67	3.9	5.25
2026-01-18	Everton	Aston Villa	fora	V	1	0	3	3	3.0	9.0	4.0	15.0	13.0	2	0	1.67	3.9	5.25
2026-01-19	Brighton	Bournemouth	casa	E	1	1	3	3	5.0	17.0	11.0	6.0	7.0	2	0	1.85	3.9	3.8
2026-01-19	Bournemouth	Brighton	fora	E	1	1	3	3	2.0	11.0	6.0	7.0	6.0	3	0	1.85	3.9	3.8
2026-01-24	West Ham	Sunderland	casa	V	3	1	3	3	5.0	13.0	3.0	16.0	9.0	2	0	2.5	3.2	2.88
2026-01-24	Sunderland	West Ham	fora	D	1	3	3	3	2.0	7.0	3.0	9.0	16.0	4	0	2.5	3.2	2.88
2026-01-24	Burnley	Tottenham	casa	E	2	2	3	3	4.0	9.0	1.0	9.0	8.0	1	0	3.7	3.5	2.05
2026-01-24	Tottenham	Burnley	fora	E	2	2	3	3	11.0	18.0	3.0	8.0	9.0	0	0	3.7	3.5	2.05
2026-01-24	Fulham	Brighton	casa	V	2	1	3	3	4.0	12.0	6.0	6.0	10.0	1	0	2.6	3.4	2.7
2026-01-24	Brighton	Fulham	fora	D	1	2	3	3	5.0	13.0	6.0	10.0	6.0	1	0	2.6	3.4	2.7
2026-01-24	Man City	Wolves	casa	V	2	0	3	3	4.0	11.0	4.0	14.0	16.0	1	0	1.2	7.0	11.0
2026-01-24	Wolves	Man City	fora	D	0	2	3	3	1.0	11.0	6.0	16.0	14.0	3	0	1.2	7.0	11.0
2026-01-24	Bournemouth	Liverpool	casa	V	3	2	3	3	5.0	12.0	3.0	7.0	7.0	1	0	3.75	3.8	1.9
2026-01-24	Liverpool	Bournemouth	fora	D	2	3	3	3	4.0	14.0	11.0	7.0	7.0	1	0	3.75	3.8	1.9
2026-01-25	Brentford	Nott'm Forest	casa	D	0	2	3	3	1.0	10.0	6.0	10.0	11.0	1	0	1.91	3.5	4.1
2026-01-25	Nott'm Forest	Brentford	fora	V	2	0	3	3	2.0	7.0	5.0	11.0	10.0	0	0	1.91	3.5	4.1
2026-01-25	Crystal Palace	Chelsea	casa	D	1	3	3	3	7.0	13.0	4.0	10.0	11.0	2	1	3.5	3.8	2.0
2026-01-25	Chelsea	Crystal Palace	fora	V	3	1	3	3	6.0	10.0	5.0	11.0	10.0	2	0	3.5	3.8	2.0
2026-01-25	Newcastle	Aston Villa	casa	D	0	2	3	3	4.0	15.0	6.0	12.0	7.0	1	0	1.95	3.7	3.7
2026-01-25	Aston Villa	Newcastle	fora	V	2	0	3	3	8.0	14.0	5.0	7.0	12.0	2	0	1.95	3.7	3.7
2026-01-25	Arsenal	Man United	casa	D	2	3	3	3	4.0	15.0	9.0	9.0	11.0	2	0	1.55	4.2	6.0
2026-01-25	Man United	Arsenal	fora	V	3	2	3	3	3.0	10.0	2.0	11.0	9.0	0	0	1.55	4.2	6.0
2026-01-26	Everton	Leeds	casa	E	1	1	3	3	3.0	10.0	4.0	13.0	9.0	0	0	2.5	3.25	2.9
2026-01-26	Leeds	Everton	fora	E	1	1	3	3	4.0	14.0	4.0	9.0	13.0	3	0	2.5	3.25	2.9
2026-01-31	Brighton	Everton	casa	E	1	1	3	3	2.0	11.0	5.0	14.0	13.0	1	0	1.85	3.6	4.1
2026-01-31	Everton	Brighton	fora	E	1	1	3	3	4.0	7.0	2.0	13.0	14.0	2	0	1.85	3.6	4.1
2026-01-31	Leeds	Arsenal	casa	D	0	4	3	3	1.0	3.0	4.0	7.0	10.0	1	0	5.75	4.2	1.55
2026-01-31	Arsenal	Leeds	fora	V	4	0	3	3	8.0	14.0	12.0	10.0	7.0	1	0	5.75	4.2	1.55
2026-01-31	Wolves	Bournemouth	casa	D	0	2	3	3	7.0	17.0	5.0	15.0	11.0	3	0	2.9	3.5	2.3
2026-01-31	Bournemouth	Wolves	fora	V	2	0	3	3	4.0	9.0	6.0	11.0	15.0	3	0	2.9	3.5	2.3
2026-01-31	Chelsea	West Ham	casa	V	3	2	3	3	6.0	14.0	9.0	13.0	11.0	3	0	1.5	4.5	6.0
2026-01-31	West Ham	Chelsea	fora	D	2	3	3	3	6.0	11.0	3.0	11.0	13.0	2	1	1.5	4.5	6.0
2026-01-31	Liverpool	Newcastle	casa	V	4	1	3	3	7.0	17.0	7.0	7.0	11.0	1	0	1.8	3.9	4.1
2026-01-31	Newcastle	Liverpool	fora	D	1	4	3	3	2.0	8.0	11.0	11.0	7.0	3	0	1.8	3.9	4.1
2026-02-01	Aston Villa	Brentford	casa	D	0	1	3	3	5.0	27.0	12.0	8.0	8.0	0	0	2.1	3.5	3.4
2026-02-01	Brentford	Aston Villa	fora	V	1	0	3	3	2.0	6.0	1.0	8.0	8.0	3	0	2.1	3.5	3.4
2026-02-01	Man United	Fulham	casa	V	3	2	3	3	6.0	13.0	3.0	9.0	6.0	2	0	1.57	4.5	5.0
2026-02-01	Fulham	Man United	fora	D	2	3	3	3	6.0	14.0	7.0	6.0	9.0	1	0	1.57	4.5	5.0
2026-02-01	Nott'm Forest	Crystal Palace	casa	E	1	1	3	3	1.0	9.0	5.0	12.0	4.0	1	0	1.95	3.5	3.9
2026-02-01	Crystal Palace	Nott'm Forest	fora	E	1	1	3	3	3.0	14.0	7.0	4.0	12.0	3	0	1.95	3.5	3.9
2026-02-01	Tottenham	Man City	casa	E	2	2	3	3	6.0	12.0	3.0	12.0	15.0	3	0	4.5	4.1	1.73
2026-02-01	Man City	Tottenham	fora	E	2	2	3	3	3.0	15.0	4.0	15.0	12.0	3	0	4.5	4.1	1.73
2026-02-02	Sunderland	Burnley	casa	V	3	0	3	3	5.0	14.0	1.0	10.0	12.0	1	0	1.8	3.5	4.75
2026-02-02	Burnley	Sunderland	fora	D	0	3	3	3	0.0	5.0	2.0	12.0	10.0	4	0	1.8	3.5	4.75
2026-02-06	Leeds	Nott'm Forest	casa	V	3	1	3	3	5.0	14.0	5.0	12.0	9.0	1	0	2.2	3.3	3.4
2026-02-06	Nott'm Forest	Leeds	fora	D	1	3	3	3	6.0	16.0	10.0	9.0	12.0	1	0	2.2	3.3	3.4
2026-02-07	Man United	Tottenham	casa	V	2	0	3	3	10.0	23.0	7.0	11.0	12.0	1	0	1.57	4.5	5.0
2026-02-07	Tottenham	Man United	fora	D	0	2	3	3	1.0	7.0	0.0	12.0	11.0	2	1	1.57	4.5	5.0
2026-02-07	Arsenal	Sunderland	casa	V	3	0	3	3	5.0	16.0	5.0	8.0	11.0	1	0	1.22	6.25	12.0
2026-02-07	Sunderland	Arsenal	fora	D	0	3	3	3	3.0	5.0	2.0	11.0	8.0	2	0	1.22	6.25	12.0
2026-02-07	Bournemouth	Aston Villa	casa	E	1	1	3	3	9.0	20.0	11.0	11.0	4.0	1	0	2.7	3.5	2.5
2026-02-07	Aston Villa	Bournemouth	fora	E	1	1	3	3	4.0	7.0	4.0	4.0	11.0	1	0	2.7	3.5	2.5
2026-02-07	Burnley	West Ham	casa	D	0	2	3	3	5.0	18.0	5.0	10.0	11.0	3	0	3.3	3.5	2.15
2026-02-07	West Ham	Burnley	fora	V	2	0	3	3	4.0	6.0	2.0	11.0	10.0	1	0	3.3	3.5	2.15
2026-02-07	Fulham	Everton	casa	D	1	2	3	3	3.0	13.0	6.0	12.0	11.0	1	0	2.1	3.25	3.75
2026-02-07	Everton	Fulham	fora	V	2	1	3	3	3.0	16.0	6.0	11.0	12.0	5	0	2.1	3.25	3.75
2026-02-07	Wolves	Chelsea	casa	D	1	3	3	3	3.0	11.0	3.0	10.0	9.0	1	0	5.0	4.0	1.67
2026-02-07	Chelsea	Wolves	fora	V	3	1	3	3	6.0	15.0	4.0	9.0	10.0	1	0	5.0	4.0	1.67
2026-02-07	Newcastle	Brentford	casa	D	2	3	3	3	4.0	16.0	9.0	18.0	14.0	2	0	2.1	3.5	3.5
2026-02-07	Brentford	Newcastle	fora	V	3	2	3	3	5.0	11.0	3.0	14.0	18.0	2	0	2.1	3.5	3.5
2026-02-08	Brighton	Crystal Palace	casa	D	0	1	3	3	2.0	7.0	3.0	9.0	12.0	1	0	1.95	3.5	3.9
2026-02-08	Crystal Palace	Brighton	fora	V	1	0	3	3	4.0	7.0	4.0	12.0	9.0	3	0	1.95	3.5	3.9
2026-02-08	Liverpool	Man City	casa	D	1	2	3	3	4.0	15.0	5.0	16.0	13.0	2	1	2.38	3.7	2.75
2026-02-08	Man City	Liverpool	fora	V	2	1	3	3	7.0	17.0	4.0	13.0	16.0	4	0	2.38	3.7	2.75
2026-02-10	Chelsea	Leeds	casa	E	2	2	3	3	4.0	19.0	4.0	13.0	9.0	4	0	1.55	4.33	5.5
2026-02-10	Leeds	Chelsea	fora	E	2	2	3	3	2.0	4.0	1.0	9.0	13.0	4	0	1.55	4.33	5.5
2026-02-10	Everton	Bournemouth	casa	D	1	2	3	3	6.0	16.0	7.0	15.0	14.0	1	1	2.38	3.4	3.0
2026-02-10	Bournemouth	Everton	fora	V	2	1	3	3	4.0	11.0	2.0	14.0	15.0	3	0	2.38	3.4	3.0
2026-02-10	Tottenham	Newcastle	casa	D	1	2	3	3	2.0	16.0	2.0	11.0	15.0	3	0	3.2	3.6	2.2
2026-02-10	Newcastle	Tottenham	fora	V	2	1	3	3	5.0	21.0	12.0	15.0	11.0	2	0	3.2	3.6	2.2
2026-02-10	West Ham	Man United	casa	E	1	1	3	3	3.0	7.0	5.0	4.0	10.0	1	0	4.5	4.2	1.7
2026-02-10	Man United	West Ham	fora	E	1	1	3	3	3.0	9.0	3.0	10.0	4.0	1	0	4.5	4.2	1.7
2026-02-11	Aston Villa	Brighton	casa	V	1	0	3	3	1.0	15.0	7.0	15.0	9.0	2	0	1.91	3.7	3.8
2026-02-11	Brighton	Aston Villa	fora	D	0	1	3	3	3.0	9.0	5.0	9.0	15.0	3	0	1.91	3.7	3.8
2026-02-11	Crystal Palace	Burnley	casa	D	2	3	3	3	3.0	21.0	8.0	8.0	11.0	2	0	1.57	4.0	6.25
2026-02-11	Burnley	Crystal Palace	fora	V	3	2	3	3	3.0	8.0	2.0	11.0	8.0	1	0	1.57	4.0	6.25
2026-02-11	Man City	Fulham	casa	V	3	0	3	3	5.0	13.0	4.0	10.0	8.0	3	0	1.36	5.5	7.0
2026-02-11	Fulham	Man City	fora	D	0	3	3	3	3.0	14.0	4.0	8.0	10.0	1	0	1.36	5.5	7.0
2026-02-11	Nott'm Forest	Wolves	casa	E	0	0	3	3	10.0	35.0	8.0	13.0	12.0	0	0	1.7	3.8	5.0
2026-02-11	Wolves	Nott'm Forest	fora	E	0	0	3	3	3.0	7.0	2.0	12.0	13.0	2	0	1.7	3.8	5.0
2026-02-11	Sunderland	Liverpool	casa	D	0	1	3	3	2.0	11.0	3.0	10.0	8.0	1	0	4.75	3.8	1.73
2026-02-11	Liverpool	Sunderland	fora	V	1	0	3	3	3.0	23.0	11.0	8.0	10.0	0	0	4.75	3.8	1.73
2026-02-12	Brentford	Arsenal	casa	E	1	1	3	3	3.0	12.0	6.0	11.0	12.0	3	0	4.75	3.9	1.7
2026-02-12	Arsenal	Brentford	fora	E	1	1	3	3	2.0	7.0	4.0	12.0	11.0	2	0	4.75	3.9	1.7
2026-02-18	Wolves	Arsenal	casa	E	2	2	3	3	2.0	5.0	1.0	8.0	6.0	2	0	11.0	5.25	1.29
2026-02-18	Arsenal	Wolves	fora	E	2	2	3	3	4.0	10.0	3.0	6.0	8.0	1	0	11.0	5.25	1.29
2026-02-21	Aston Villa	Leeds	casa	E	1	1	3	3	4.0	16.0	7.0	16.0	11.0	1	0	1.85	3.6	4.33
2026-02-21	Leeds	Aston Villa	fora	E	1	1	3	3	4.0	14.0	2.0	11.0	16.0	4	0	1.85	3.6	4.33
2026-02-21	Brentford	Brighton	casa	D	0	2	3	3	3.0	13.0	6.0	14.0	9.0	1	0	2.0	3.7	3.5
2026-02-21	Brighton	Brentford	fora	V	2	0	3	3	7.0	11.0	4.0	9.0	14.0	2	0	2.0	3.7	3.5
2026-02-21	Chelsea	Burnley	casa	E	1	1	3	3	2.0	12.0	9.0	11.0	13.0	2	1	1.22	6.5	12.0
2026-02-21	Burnley	Chelsea	fora	E	1	1	3	3	4.0	12.0	5.0	13.0	11.0	2	0	1.22	6.5	12.0
2026-02-21	West Ham	Bournemouth	casa	E	0	0	3	3	3.0	20.0	9.0	11.0	10.0	1	0	2.5	3.7	2.63
2026-02-21	Bournemouth	West Ham	fora	E	0	0	3	3	5.0	10.0	5.0	10.0	11.0	1	0	2.5	3.7	2.63
2026-02-21	Man City	Newcastle	casa	V	2	1	3	3	7.0	15.0	5.0	13.0	12.0	2	0	1.45	5.0	5.5
2026-02-21	Newcastle	Man City	fora	D	1	2	3	3	7.0	13.0	5.0	12.0	13.0	5	0	1.45	5.0	5.5
2026-02-22	Crystal Palace	Wolves	casa	V	1	0	3	3	3.0	14.0	7.0	13.0	19.0	5	0	1.65	4.0	5.0
2026-02-22	Wolves	Crystal Palace	fora	D	0	1	3	3	7.0	12.0	3.0	19.0	13.0	1	1	1.65	4.0	5.0
2026-02-22	Nott'm Forest	Liverpool	casa	D	0	1	3	3	2.0	18.0	7.0	9.0	13.0	2	0	4.1	3.9	1.8
2026-02-22	Liverpool	Nott'm Forest	fora	V	1	0	3	3	4.0	10.0	2.0	13.0	9.0	0	0	4.1	3.9	1.8
2026-02-22	Sunderland	Fulham	casa	D	1	3	3	3	2.0	12.0	6.0	13.0	6.0	1	0	2.7	3.25	2.7
2026-02-22	Fulham	Sunderland	fora	V	3	1	3	3	4.0	12.0	4.0	6.0	13.0	1	0	2.7	3.25	2.7
2026-02-22	Tottenham	Arsenal	casa	D	1	4	3	3	5.0	6.0	2.0	11.0	17.0	2	0	6.0	4.0	1.57
2026-02-22	Arsenal	Tottenham	fora	V	4	1	3	3	7.0	20.0	5.0	17.0	11.0	1	0	6.0	4.0	1.57
2026-02-23	Everton	Man United	casa	D	0	1	3	3	4.0	12.0	10.0	7.0	12.0	2	0	3.7	3.75	1.91
2026-02-23	Man United	Everton	fora	V	1	0	3	3	3.0	11.0	1.0	12.0	7.0	3	0	3.7	3.75	1.91
2026-02-27	Wolves	Aston Villa	casa	V	2	0	3	3	2.0	9.0	0.0	19.0	13.0	3	0	4.1	3.7	1.85
2026-02-27	Aston Villa	Wolves	fora	D	0	2	3	3	5.0	14.0	5.0	13.0	19.0	3	0	4.1	3.7	1.85
2026-02-28	Bournemouth	Sunderland	casa	E	1	1	3	3	5.0	21.0	7.0	12.0	15.0	4	0	1.8	3.75	4.33
2026-02-28	Sunderland	Bournemouth	fora	E	1	1	3	3	4.0	8.0	3.0	15.0	12.0	2	0	1.8	3.75	4.33
2026-02-28	Burnley	Brentford	casa	D	3	4	3	3	3.0	12.0	4.0	9.0	9.0	2	0	4.5	3.9	1.73
2026-02-28	Brentford	Burnley	fora	V	4	3	3	3	7.0	16.0	8.0	9.0	9.0	2	0	4.5	3.9	1.73
2026-02-28	Liverpool	West Ham	casa	V	5	2	3	3	7.0	18.0	10.0	11.0	12.0	2	0	1.42	4.75	6.5
2026-02-28	West Ham	Liverpool	fora	D	2	5	3	3	4.0	11.0	5.0	12.0	11.0	2	0	1.42	4.75	6.5
2026-02-28	Newcastle	Everton	casa	D	2	3	3	3	7.0	17.0	7.0	7.0	15.0	2	0	1.7	4.0	4.75
2026-02-28	Everton	Newcastle	fora	V	3	2	3	3	5.0	9.0	2.0	15.0	7.0	3	0	1.7	4.0	4.75
2026-02-28	Leeds	Man City	casa	D	0	1	3	3	2.0	14.0	5.0	8.0	10.0	0	0	4.75	4.33	1.62
2026-02-28	Man City	Leeds	fora	V	1	0	3	3	5.0	14.0	3.0	10.0	8.0	3	0	4.75	4.33	1.62
2026-03-01	Brighton	Nott'm Forest	casa	V	2	1	3	3	7.0	14.0	4.0	13.0	12.0	3	0	2.0	3.6	3.5
2026-03-01	Nott'm Forest	Brighton	fora	D	1	2	3	3	4.0	13.0	4.0	12.0	13.0	1	0	2.0	3.6	3.5
2026-03-01	Fulham	Tottenham	casa	V	2	1	3	3	4.0	18.0	5.0	14.0	11.0	3	0	2.1	3.6	3.3
2026-03-01	Tottenham	Fulham	fora	D	1	2	3	3	1.0	13.0	8.0	11.0	14.0	3	0	2.1	3.6	3.3
2026-03-01	Man United	Crystal Palace	casa	V	2	1	3	3	11.0	20.0	7.0	12.0	13.0	2	0	1.53	4.5	5.5
2026-03-01	Crystal Palace	Man United	fora	D	1	2	3	3	3.0	8.0	1.0	13.0	12.0	2	1	1.53	4.5	5.5
2026-03-01	Arsenal	Chelsea	casa	V	2	1	3	3	5.0	12.0	5.0	14.0	11.0	1	0	1.6	3.8	5.5
2026-03-01	Chelsea	Arsenal	fora	D	1	2	3	3	3.0	9.0	10.0	11.0	14.0	3	1	1.6	3.8	5.5
2026-03-03	Bournemouth	Brentford	casa	E	0	0	3	3	2.0	13.0	4.0	10.0	9.0	2	0	2.5	3.6	2.63
2026-03-03	Brentford	Bournemouth	fora	E	0	0	3	3	2.0	5.0	3.0	9.0	10.0	1	0	2.5	3.6	2.63
2026-03-03	Everton	Burnley	casa	V	2	0	3	3	5.0	14.0	6.0	12.0	10.0	0	0	1.57	4.0	6.0
2026-03-03	Burnley	Everton	fora	D	0	2	3	3	2.0	5.0	3.0	10.0	12.0	1	0	1.57	4.0	6.0
2026-03-03	Leeds	Sunderland	casa	D	0	1	3	3	4.0	18.0	9.0	19.0	15.0	1	0	1.85	3.4	4.33
2026-03-03	Sunderland	Leeds	fora	V	1	0	3	3	1.0	3.0	2.0	15.0	19.0	3	0	1.85	3.4	4.33
2026-03-03	Wolves	Liverpool	casa	V	2	1	3	3	3.0	4.0	2.0	13.0	10.0	2	0	5.5	4.5	1.5
2026-03-03	Liverpool	Wolves	fora	D	1	2	3	3	7.0	19.0	11.0	10.0	13.0	1	0	5.5	4.5	1.5
2026-03-04	Aston Villa	Chelsea	casa	D	1	4	3	3	4.0	9.0	3.0	9.0	10.0	3	0	2.7	3.4	2.55
2026-03-04	Chelsea	Aston Villa	fora	V	4	1	3	3	8.0	15.0	8.0	10.0	9.0	2	0	2.7	3.4	2.55
2026-03-04	Brighton	Arsenal	casa	D	0	1	3	3	3.0	11.0	4.0	12.0	14.0	4	0	4.75	4.1	1.65
2026-03-04	Arsenal	Brighton	fora	V	1	0	3	3	2.0	7.0	3.0	14.0	12.0	1	0	4.75	4.1	1.65
2026-03-04	Fulham	West Ham	casa	D	0	1	3	3	5.0	13.0	7.0	12.0	14.0	2	0	2.0	3.5	3.7
2026-03-04	West Ham	Fulham	fora	V	1	0	3	3	3.0	9.0	5.0	14.0	12.0	4	0	2.0	3.5	3.7
2026-03-04	Man City	Nott'm Forest	casa	E	2	2	3	3	7.0	21.0	6.0	6.0	10.0	0	0	1.38	5.0	7.5
2026-03-04	Nott'm Forest	Man City	fora	E	2	2	3	3	4.0	9.0	1.0	10.0	6.0	4	0	1.38	5.0	7.5
2026-03-04	Newcastle	Man United	casa	V	2	1	3	3	5.0	12.0	2.0	16.0	15.0	2	1	2.63	3.5	2.6
2026-03-04	Man United	Newcastle	fora	D	1	2	3	3	5.0	14.0	4.0	15.0	16.0	3	0	2.63	3.5	2.6
2026-03-05	Tottenham	Crystal Palace	casa	D	1	3	3	3	4.0	12.0	6.0	14.0	14.0	3	0	2.35	3.25	3.1
2026-03-05	Crystal Palace	Tottenham	fora	V	3	1	3	3	4.0	9.0	3.0	14.0	14.0	2	0	2.35	3.25	3.1
2026-03-14	Burnley	Bournemouth	casa	E	0	0	3	3	2.0	15.0	5.0	5.0	11.0	1	0	4.1	3.8	1.83
2026-03-14	Bournemouth	Burnley	fora	E	0	0	3	3	3.0	22.0	8.0	11.0	5.0	0	0	4.1	3.8	1.83
2026-03-14	Sunderland	Brighton	casa	D	0	1	3	3	4.0	14.0	7.0	12.0	7.0	1	0	3.3	3.3	2.25
2026-03-14	Brighton	Sunderland	fora	V	1	0	3	3	4.0	12.0	3.0	7.0	12.0	2	0	3.3	3.3	2.25
2026-03-14	Arsenal	Everton	casa	V	2	0	3	3	7.0	25.0	8.0	12.0	11.0	0	0	1.38	4.75	8.5
2026-03-14	Everton	Arsenal	fora	D	0	2	3	3	3.0	9.0	3.0	11.0	12.0	0	0	1.38	4.75	8.5
2026-03-14	Chelsea	Newcastle	casa	D	0	1	3	3	3.0	22.0	8.0	10.0	9.0	2	0	1.8	4.2	3.8
2026-03-14	Newcastle	Chelsea	fora	V	1	0	3	3	5.0	7.0	1.0	9.0	10.0	2	0	1.8	4.2	3.8
2026-03-14	West Ham	Man City	casa	E	1	1	3	3	1.0	1.0	1.0	5.0	14.0	2	0	4.33	4.33	1.7
2026-03-14	Man City	West Ham	fora	E	1	1	3	3	6.0	24.0	15.0	14.0	5.0	2	0	4.33	4.33	1.7
2026-03-15	Crystal Palace	Leeds	casa	E	0	0	3	3	0.0	12.0	8.0	11.0	12.0	2	0	2.55	3.3	2.88
2026-03-15	Leeds	Crystal Palace	fora	E	0	0	3	3	3.0	10.0	3.0	12.0	11.0	1	1	2.55	3.3	2.88
2026-03-15	Man United	Aston Villa	casa	V	3	1	3	3	6.0	16.0	6.0	5.0	10.0	3	0	1.73	4.0	4.5
2026-03-15	Aston Villa	Man United	fora	D	1	3	3	3	2.0	9.0	6.0	10.0	5.0	2	0	1.73	4.0	4.5
2026-03-15	Nott'm Forest	Fulham	casa	E	0	0	3	3	2.0	11.0	5.0	10.0	8.0	2	0	2.2	3.4	3.3
2026-03-15	Fulham	Nott'm Forest	fora	E	0	0	3	3	0.0	5.0	4.0	8.0	10.0	3	0	2.2	3.4	3.3
2026-03-15	Liverpool	Tottenham	casa	E	1	1	3	3	4.0	17.0	3.0	13.0	8.0	0	0	1.3	6.25	8.0
2026-03-15	Tottenham	Liverpool	fora	E	1	1	3	3	7.0	13.0	4.0	8.0	13.0	0	0	1.3	6.25	8.0
2026-03-16	Brentford	Wolves	casa	E	2	2	3	3	3.0	10.0	1.0	10.0	12.0	2	0	1.55	4.2	5.75
2026-03-16	Wolves	Brentford	fora	E	2	2	3	3	4.0	13.0	5.0	12.0	10.0	4	0	1.55	4.2	5.75
2026-03-20	Bournemouth	Man United	casa	E	2	2	3	3	5.0	16.0	6.0	9.0	10.0	2	0	3.2	3.8	2.1
2026-03-20	Man United	Bournemouth	fora	E	2	2	3	3	5.0	14.0	8.0	10.0	9.0	2	1	3.2	3.8	2.1
2026-03-21	Brighton	Liverpool	casa	V	2	1	3	3	7.0	16.0	4.0	11.0	11.0	5	0	3.1	3.5	2.2
2026-03-21	Liverpool	Brighton	fora	D	1	2	3	3	5.0	12.0	8.0	11.0	11.0	5	0	3.1	3.5	2.2
2026-03-21	Fulham	Burnley	casa	V	3	1	3	3	6.0	22.0	6.0	9.0	6.0	2	0	1.53	4.1	6.25
2026-03-21	Burnley	Fulham	fora	D	1	3	3	3	5.0	9.0	6.0	6.0	9.0	2	1	1.53	4.1	6.25
2026-03-21	Everton	Chelsea	casa	V	3	0	3	3	9.0	10.0	3.0	7.0	6.0	0	0	3.5	3.4	2.1
2026-03-21	Chelsea	Everton	fora	D	0	3	3	3	4.0	12.0	9.0	6.0	7.0	2	0	3.5	3.4	2.1
2026-03-21	Leeds	Brentford	casa	E	0	0	3	3	4.0	14.0	6.0	9.0	6.0	2	0	2.45	3.5	2.88
2026-03-21	Brentford	Leeds	fora	E	0	0	3	3	2.0	6.0	2.0	6.0	9.0	0	0	2.45	3.5	2.88
2026-03-22	Newcastle	Sunderland	casa	D	1	2	3	3	4.0	16.0	9.0	19.0	8.0	1	0	1.67	4.0	5.0
2026-03-22	Sunderland	Newcastle	fora	V	2	1	3	3	7.0	17.0	5.0	8.0	19.0	6	0	1.67	4.0	5.0
2026-03-22	Aston Villa	West Ham	casa	V	2	0	3	3	7.0	23.0	6.0	7.0	3.0	0	0	1.95	3.6	3.8
2026-03-22	West Ham	Aston Villa	fora	D	0	2	3	3	1.0	9.0	6.0	3.0	7.0	1	0	1.95	3.6	3.8
2026-03-22	Tottenham	Nott'm Forest	casa	D	0	3	3	3	3.0	14.0	13.0	13.0	13.0	1	0	2.25	3.4	3.2
2026-03-22	Nott'm Forest	Tottenham	fora	V	3	0	3	3	7.0	8.0	3.0	13.0	13.0	2	0	2.25	3.4	3.2
2026-04-10	West Ham	Wolves	casa	V	4	0	3	3	7.0	18.0	5.0	7.0	11.0	2	0	1.8	3.8	4.33
2026-04-10	Wolves	West Ham	fora	D	0	4	3	3	3.0	14.0	2.0	11.0	7.0	2	0	1.8	3.8	4.33
2026-04-11	Arsenal	Bournemouth	casa	D	1	2	3	3	3.0	15.0	10.0	18.0	12.0	1	0	1.44	4.5	7.5
2026-04-11	Bournemouth	Arsenal	fora	V	2	1	3	3	3.0	8.0	1.0	12.0	18.0	3	0	1.44	4.5	7.5
2026-04-11	Brentford	Everton	casa	E	2	2	3	3	4.0	17.0	2.0	7.0	6.0	0	0	2.15	3.3	3.5
2026-04-11	Everton	Brentford	fora	E	2	2	3	3	7.0	14.0	3.0	6.0	7.0	2	0	2.15	3.3	3.5
2026-04-11	Burnley	Brighton	casa	D	0	2	3	3	5.0	10.0	8.0	11.0	7.0	2	0	4.5	4.0	1.73
2026-04-11	Brighton	Burnley	fora	V	2	0	3	3	6.0	13.0	2.0	7.0	11.0	1	0	4.5	4.0	1.73
2026-04-11	Liverpool	Fulham	casa	V	2	0	3	3	5.0	18.0	6.0	4.0	10.0	0	0	1.65	4.2	4.75
2026-04-11	Fulham	Liverpool	fora	D	0	2	3	3	4.0	19.0	9.0	10.0	4.0	0	0	1.65	4.2	4.75
2026-04-12	Crystal Palace	Newcastle	casa	V	2	1	3	3	5.0	11.0	2.0	12.0	17.0	0	0	3.0	3.6	2.2
2026-04-12	Newcastle	Crystal Palace	fora	D	1	2	3	3	3.0	7.0	4.0	17.0	12.0	3	0	3.0	3.6	2.2
2026-04-12	Nott'm Forest	Aston Villa	casa	E	1	1	3	3	4.0	15.0	7.0	10.0	15.0	2	0	2.63	3.3	2.7
2026-04-12	Aston Villa	Nott'm Forest	fora	E	1	1	3	3	5.0	12.0	3.0	15.0	10.0	2	0	2.63	3.3	2.7
2026-04-12	Sunderland	Tottenham	casa	V	1	0	3	3	2.0	13.0	2.0	15.0	14.0	3	0	2.7	3.2	2.7
2026-04-12	Tottenham	Sunderland	fora	D	0	1	3	3	7.0	11.0	6.0	14.0	15.0	3	0	2.7	3.2	2.7
2026-04-12	Chelsea	Man City	casa	D	0	3	3	3	3.0	12.0	4.0	14.0	10.0	3	0	3.1	3.8	2.15
2026-04-12	Man City	Chelsea	fora	V	3	0	3	3	8.0	18.0	12.0	10.0	14.0	1	0	3.1	3.8	2.15
2026-04-13	Man United	Leeds	casa	D	1	2	3	3	9.0	20.0	11.0	15.0	12.0	3	1	1.62	4.1	5.0
2026-04-13	Leeds	Man United	fora	V	2	1	3	3	6.0	15.0	4.0	12.0	15.0	2	0	1.62	4.1	5.0
2026-04-18	Brentford	Fulham	casa	E	0	0	3	3	4.0	13.0	9.0	13.0	8.0	0	0	2.1	3.75	3.25
2026-04-18	Fulham	Brentford	fora	E	0	0	3	3	0.0	11.0	3.0	8.0	13.0	1	0	2.1	3.75	3.25
2026-04-18	Leeds	Wolves	casa	V	3	0	3	3	6.0	17.0	5.0	17.0	9.0	2	0	1.62	3.9	5.75
2026-04-18	Wolves	Leeds	fora	D	0	3	3	3	2.0	7.0	6.0	9.0	17.0	1	0	1.62	3.9	5.75
2026-04-18	Newcastle	Bournemouth	casa	D	1	2	3	3	3.0	12.0	2.0	12.0	11.0	2	0	2.0	3.75	3.5
2026-04-18	Bournemouth	Newcastle	fora	V	2	1	3	3	3.0	12.0	3.0	11.0	12.0	4	0	2.0	3.75	3.5
2026-04-18	Tottenham	Brighton	casa	E	2	2	3	3	6.0	13.0	7.0	14.0	14.0	3	0	2.7	3.75	2.4
2026-04-18	Brighton	Tottenham	fora	E	2	2	3	3	3.0	10.0	5.0	14.0	14.0	1	0	2.7	3.75	2.4
2026-04-18	Chelsea	Man United	casa	D	0	1	3	3	3.0	21.0	7.0	13.0	12.0	1	0	2.2	3.5	3.2
2026-04-18	Man United	Chelsea	fora	V	1	0	3	3	1.0	4.0	1.0	12.0	13.0	3	0	2.2	3.5	3.2
2026-04-19	Aston Villa	Sunderland	casa	V	4	3	3	3	7.0	15.0	4.0	11.0	11.0	1	0	1.67	3.75	5.5
2026-04-19	Sunderland	Aston Villa	fora	D	3	4	3	3	7.0	10.0	5.0	11.0	11.0	3	0	1.67	3.75	5.5
2026-04-19	Everton	Liverpool	casa	D	1	2	3	3	4.0	10.0	1.0	12.0	8.0	2	0	3.1	3.4	2.3
2026-04-19	Liverpool	Everton	fora	V	2	1	3	3	6.0	14.0	6.0	8.0	12.0	0	0	3.1	3.4	2.3
2026-04-19	Nott'm Forest	Burnley	casa	V	4	1	3	3	4.0	10.0	4.0	12.0	8.0	0	0	1.5	4.2	7.0
2026-04-19	Burnley	Nott'm Forest	fora	D	1	4	3	3	3.0	4.0	4.0	8.0	12.0	2	0	1.5	4.2	7.0
2026-04-19	Man City	Arsenal	casa	V	2	1	3	3	5.0	15.0	8.0	12.0	5.0	2	0	1.83	3.7	4.2
2026-04-19	Arsenal	Man City	fora	D	1	2	3	3	3.0	9.0	5.0	5.0	12.0	2	0	1.83	3.7	4.2
2026-04-20	Crystal Palace	West Ham	casa	E	0	0	3	3	1.0	9.0	4.0	12.0	13.0	2	0	2.38	3.2	3.1
2026-04-20	West Ham	Crystal Palace	fora	E	0	0	3	3	4.0	9.0	6.0	13.0	12.0	1	0	2.38	3.2	3.1
2026-04-21	Brighton	Chelsea	casa	V	3	0	3	3	9.0	15.0	6.0	6.0	15.0	1	0	2.5	3.5	2.7
2026-04-21	Chelsea	Brighton	fora	D	0	3	3	3	0.0	6.0	5.0	15.0	6.0	1	0	2.5	3.5	2.7
2026-04-22	Bournemouth	Leeds	casa	E	2	2	3	3	7.0	17.0	12.0	10.0	6.0	3	0	2.0	3.5	3.6
2026-04-22	Leeds	Bournemouth	fora	E	2	2	3	3	3.0	10.0	1.0	6.0	10.0	0	0	2.0	3.5	3.6
2026-04-22	Burnley	Man City	casa	D	0	1	3	3	1.0	9.0	3.0	12.0	10.0	0	0	19.0	9.0	1.13
2026-04-22	Man City	Burnley	fora	V	1	0	3	3	9.0	28.0	11.0	10.0	12.0	0	0	19.0	9.0	1.13
2026-04-24	Sunderland	Nott'm Forest	casa	D	0	5	3	3	4.0	14.0	3.0	15.0	13.0	2	0	2.7	3.2	2.7
2026-04-24	Nott'm Forest	Sunderland	fora	V	5	0	3	3	6.0	10.0	6.0	13.0	15.0	5	0	2.7	3.2	2.7
2026-04-25	Fulham	Aston Villa	casa	V	1	0	3	3	6.0	13.0	2.0	12.0	14.0	2	0	2.75	3.6	2.45
2026-04-25	Aston Villa	Fulham	fora	D	0	1	3	3	1.0	10.0	5.0	14.0	12.0	2	0	2.75	3.6	2.45
2026-04-25	Liverpool	Crystal Palace	casa	V	3	1	3	3	3.0	9.0	5.0	10.0	10.0	1	0	1.44	5.0	6.25
2026-04-25	Crystal Palace	Liverpool	fora	D	1	3	3	3	7.0	14.0	8.0	10.0	10.0	3	0	1.44	5.0	6.25
2026-04-25	West Ham	Everton	casa	V	2	1	3	3	3.0	10.0	3.0	11.0	9.0	3	0	2.4	3.4	2.9
2026-04-25	Everton	West Ham	fora	D	1	2	3	3	3.0	11.0	4.0	9.0	11.0	4	0	2.4	3.4	2.9
2026-04-25	Wolves	Tottenham	casa	D	0	1	3	3	2.0	11.0	5.0	14.0	8.0	3	0	4.5	4.33	1.67
2026-04-25	Tottenham	Wolves	fora	V	1	0	3	3	2.0	11.0	5.0	8.0	14.0	4	0	4.5	4.33	1.67
2026-04-25	Arsenal	Newcastle	casa	V	1	0	3	3	4.0	11.0	7.0	10.0	13.0	2	0	1.45	4.75	6.25
2026-04-25	Newcastle	Arsenal	fora	D	0	1	3	3	3.0	13.0	2.0	13.0	10.0	2	0	1.45	4.75	6.25
2026-04-27	Man United	Brentford	casa	V	2	1	3	3	6.0	11.0	7.0	9.0	6.0	2	0	1.85	3.8	4.0
2026-04-27	Brentford	Man United	fora	D	1	2	3	3	4.0	12.0	8.0	6.0	9.0	4	0	1.85	3.8	4.0
2026-05-01	Leeds	Burnley	casa	V	3	1	3	3	8.0	18.0	5.0	11.0	12.0	4	0	1.33	5.0	9.5
2026-05-01	Burnley	Leeds	fora	D	1	3	3	3	3.0	9.0	0.0	12.0	11.0	3	0	1.33	5.0	9.5
2026-05-02	Brentford	West Ham	casa	V	3	0	3	3	6.0	14.0	2.0	12.0	8.0	1	0	1.91	3.75	3.75
2026-05-02	West Ham	Brentford	fora	D	0	3	3	3	4.0	13.0	6.0	8.0	12.0	3	0	1.91	3.75	3.75
2026-05-02	Newcastle	Brighton	casa	V	3	1	3	3	6.0	13.0	2.0	12.0	10.0	3	0	2.5	3.75	2.6
2026-05-02	Brighton	Newcastle	fora	D	1	3	3	3	4.0	13.0	10.0	10.0	12.0	3	0	2.5	3.75	2.6
2026-05-02	Wolves	Sunderland	casa	E	1	1	3	3	7.0	20.0	6.0	11.0	11.0	0	0	3.1	3.2	2.1
2026-05-02	Sunderland	Wolves	fora	E	1	1	3	3	2.0	10.0	3.0	11.0	11.0	4	1	3.1	3.2	2.1
2026-05-02	Arsenal	Fulham	casa	V	3	0	3	3	9.0	18.0	3.0	12.0	7.0	0	0	1.44	4.33	7.0
2026-05-02	Fulham	Arsenal	fora	D	0	3	3	3	1.0	10.0	4.0	7.0	12.0	1	0	1.44	4.33	7.0
2026-05-03	Bournemouth	Crystal Palace	casa	V	3	0	3	3	5.0	16.0	7.0	11.0	10.0	0	0	1.57	4.33	5.25
2026-05-03	Crystal Palace	Bournemouth	fora	D	0	3	3	3	1.0	7.0	1.0	10.0	11.0	2	0	1.57	4.33	5.25
2026-05-03	Man United	Liverpool	casa	V	3	2	3	3	6.0	18.0	3.0	11.0	12.0	2	0	2.3	3.8	2.75
2026-05-03	Liverpool	Man United	fora	D	2	3	3	3	5.0	13.0	2.0	12.0	11.0	2	0	2.3	3.8	2.75
2026-05-03	Aston Villa	Tottenham	casa	D	1	2	3	3	1.0	5.0	5.0	12.0	12.0	2	0	2.15	3.6	3.2
2026-05-03	Tottenham	Aston Villa	fora	V	2	1	3	3	5.0	10.0	5.0	12.0	12.0	5	0	2.15	3.6	3.2
2026-05-04	Chelsea	Nott'm Forest	casa	D	1	3	3	3	5.0	21.0	10.0	10.0	12.0	3	0	1.7	4.0	4.75
2026-05-04	Nott'm Forest	Chelsea	fora	V	3	1	3	3	4.0	6.0	1.0	12.0	10.0	1	0	1.7	4.0	4.75
2026-05-04	Everton	Man City	casa	E	3	3	3	3	6.0	14.0	5.0	5.0	15.0	4	0	6.5	4.75	1.44
2026-05-04	Man City	Everton	fora	E	3	3	3	3	4.0	21.0	9.0	15.0	5.0	1	0	6.5	4.75	1.44
2026-05-09	Liverpool	Chelsea	casa	E	1	1	3	3	3.0	8.0	5.0	17.0	17.0	2	0	1.83	4.0	3.9
2026-05-09	Chelsea	Liverpool	fora	E	1	1	3	3	3.0	6.0	2.0	17.0	17.0	4	0	1.83	4.0	3.9
2026-05-09	Brighton	Wolves	casa	V	3	0	3	3	6.0	14.0	7.0	11.0	9.0	1	0	1.27	6.25	9.5
2026-05-09	Wolves	Brighton	fora	D	0	3	3	3	1.0	5.0	1.0	9.0	11.0	2	0	1.27	6.25	9.5
2026-05-09	Fulham	Bournemouth	casa	D	0	1	3	3	2.0	14.0	11.0	21.0	12.0	4	1	2.75	3.6	2.4
2026-05-09	Bournemouth	Fulham	fora	V	1	0	3	3	5.0	10.0	2.0	12.0	21.0	2	1	2.75	3.6	2.4
2026-05-09	Sunderland	Man United	casa	E	0	0	3	3	4.0	15.0	7.0	12.0	12.0	0	0	3.9	3.75	1.85
2026-05-09	Man United	Sunderland	fora	E	0	0	3	3	1.0	11.0	8.0	12.0	12.0	3	0	3.9	3.75	1.85
2026-05-09	Man City	Brentford	casa	V	3	0	3	3	10.0	25.0	10.0	14.0	8.0	4	0	1.36	5.75	7.0
2026-05-09	Brentford	Man City	fora	D	0	3	3	3	2.0	4.0	2.0	8.0	14.0	2	0	1.36	5.75	7.0
2026-05-10	Burnley	Aston Villa	casa	E	2	2	3	3	6.0	15.0	2.0	8.0	18.0	1	0	5.0	4.33	1.6
2026-05-10	Aston Villa	Burnley	fora	E	2	2	3	3	7.0	18.0	8.0	18.0	8.0	1	0	5.0	4.33	1.6
2026-05-10	Crystal Palace	Everton	casa	E	2	2	3	3	8.0	21.0	5.0	13.0	5.0	0	0	2.7	3.3	2.63
2026-05-10	Everton	Crystal Palace	fora	E	2	2	3	3	6.0	13.0	10.0	5.0	13.0	2	0	2.7	3.3	2.63
2026-05-10	Nott'm Forest	Newcastle	casa	E	1	1	3	3	6.0	17.0	2.0	11.0	16.0	2	0	2.6	3.6	2.6
2026-05-10	Newcastle	Nott'm Forest	fora	E	1	1	3	3	6.0	16.0	1.0	16.0	11.0	0	0	2.6	3.6	2.6
2026-05-10	West Ham	Arsenal	casa	D	0	1	3	3	3.0	9.0	4.0	12.0	14.0	3	0	5.5	4.2	1.57
2026-05-10	Arsenal	West Ham	fora	V	1	0	3	3	4.0	15.0	3.0	14.0	12.0	4	0	5.5	4.2	1.57
2026-05-11	Tottenham	Leeds	casa	E	1	1	3	3	3.0	16.0	14.0	7.0	12.0	3	0	1.83	4.1	3.75
2026-05-11	Leeds	Tottenham	fora	E	1	1	3	3	4.0	11.0	2.0	12.0	7.0	1	0	1.83	4.1	3.75
2026-05-13	Man City	Crystal Palace	casa	V	3	0	3	3	4.0	15.0	9.0	7.0	10.0	0	0	1.2	7.5	12.0
2026-05-13	Crystal Palace	Man City	fora	D	0	3	3	3	2.0	6.0	4.0	10.0	7.0	2	0	1.2	7.5	12.0
2026-05-15	Aston Villa	Liverpool	casa	V	4	2	3	3	9.0	14.0	4.0	9.0	12.0	3	0	2.75	3.5	2.4
2026-05-15	Liverpool	Aston Villa	fora	D	2	4	3	3	5.0	16.0	9.0	12.0	9.0	1	0	2.75	3.5	2.4
2026-05-17	Man United	Nott'm Forest	casa	V	3	2	3	3	8.0	29.0	7.0	5.0	11.0	2	0	1.6	4.2	5.25
2026-05-17	Nott'm Forest	Man United	fora	D	2	3	3	3	4.0	11.0	6.0	11.0	5.0	1	0	1.6	4.2	5.25
2026-05-17	Brentford	Crystal Palace	casa	E	2	2	3	3	3.0	14.0	9.0	5.0	7.0	1	0	1.73	4.2	4.33
2026-05-17	Crystal Palace	Brentford	fora	E	2	2	3	3	5.0	16.0	4.0	7.0	5.0	3	0	1.73	4.2	4.33
2026-05-17	Everton	Sunderland	casa	D	1	3	3	3	4.0	10.0	3.0	9.0	14.0	3	0	1.8	3.75	4.33
2026-05-17	Sunderland	Everton	fora	V	3	1	3	3	3.0	7.0	2.0	14.0	9.0	0	0	1.8	3.75	4.33
2026-05-17	Leeds	Brighton	casa	V	1	0	3	3	1.0	7.0	7.0	7.0	9.0	1	0	3.2	3.6	2.15
2026-05-17	Brighton	Leeds	fora	D	0	1	3	3	8.0	19.0	8.0	9.0	7.0	0	0	3.2	3.6	2.15
2026-05-17	Wolves	Fulham	casa	E	1	1	3	3	3.0	11.0	3.0	8.0	20.0	1	0	3.8	3.8	1.9
2026-05-17	Fulham	Wolves	fora	E	1	1	3	3	5.0	13.0	6.0	20.0	8.0	0	0	3.8	3.8	1.9
2026-05-17	Newcastle	West Ham	casa	V	3	1	3	3	7.0	15.0	9.0	11.0	8.0	1	0	2.1	3.8	3.2
2026-05-17	West Ham	Newcastle	fora	D	1	3	3	3	8.0	15.0	1.0	8.0	11.0	3	0	2.1	3.8	3.2
2026-05-18	Arsenal	Burnley	casa	V	1	0	3	3	3.0	13.0	3.0	16.0	7.0	1	0	1.09	11.0	23.0
2026-05-18	Burnley	Arsenal	fora	D	0	1	3	3	0.0	5.0	3.0	7.0	16.0	3	0	1.09	11.0	23.0
2026-05-19	Bournemouth	Man City	casa	E	1	1	3	3	2.0	10.0	7.0	7.0	16.0	4	0	4.5	4.33	1.67
2026-05-19	Man City	Bournemouth	fora	E	1	1	3	3	5.0	14.0	6.0	16.0	7.0	2	0	4.5	4.33	1.67
2026-05-19	Chelsea	Tottenham	casa	V	2	1	3	3	4.0	9.0	3.0	18.0	11.0	4	0	1.91	3.7	3.9
2026-05-19	Tottenham	Chelsea	fora	D	1	2	3	3	3.0	9.0	4.0	11.0	18.0	3	0	1.91	3.7	3.9
2026-05-24	Brighton	Man United	casa	D	0	3	3	3	2.0	13.0	0.0	8.0	11.0	0	0	1.85	4.2	3.6
2026-05-24	Man United	Brighton	fora	V	3	0	3	3	7.0	11.0	3.0	11.0	8.0	1	0	1.85	4.2	3.6
2026-05-24	Burnley	Wolves	casa	E	1	1	3	3	8.0	16.0	7.0	11.0	10.0	2	0	2.35	3.5	2.9
2026-05-24	Wolves	Burnley	fora	E	1	1	3	3	4.0	16.0	7.0	10.0	11.0	2	0	2.35	3.5	2.9
2026-05-24	Crystal Palace	Arsenal	casa	D	1	2	3	3	3.0	8.0	3.0	12.0	9.0	0	0	4.2	4.0	1.75
2026-05-24	Arsenal	Crystal Palace	fora	V	2	1	3	3	7.0	17.0	4.0	9.0	12.0	1	0	4.2	4.0	1.75
2026-05-24	Fulham	Newcastle	casa	V	2	0	3	3	6.0	21.0	6.0	6.0	13.0	2	0	2.88	3.8	2.25
2026-05-24	Newcastle	Fulham	fora	D	0	2	3	3	2.0	7.0	6.0	13.0	6.0	2	0	2.88	3.8	2.25
2026-05-24	Liverpool	Brentford	casa	E	1	1	3	3	8.0	24.0	14.0	9.0	9.0	2	0	1.8	4.2	3.8
2026-05-24	Brentford	Liverpool	fora	E	1	1	3	3	2.0	11.0	2.0	9.0	9.0	3	0	1.8	4.2	3.8
2026-05-24	Man City	Aston Villa	casa	D	1	2	3	3	3.0	16.0	9.0	4.0	8.0	1	0	1.29	6.0	9.0
2026-05-24	Aston Villa	Man City	fora	V	2	1	3	3	5.0	12.0	4.0	8.0	4.0	0	0	1.29	6.0	9.0
2026-05-24	Nott'm Forest	Bournemouth	casa	E	1	1	3	3	5.0	15.0	6.0	7.0	11.0	1	0	3.3	3.75	2.05
2026-05-24	Bournemouth	Nott'm Forest	fora	E	1	1	3	3	4.0	17.0	3.0	11.0	7.0	1	0	3.3	3.75	2.05
2026-05-24	Sunderland	Chelsea	casa	V	2	1	3	3	2.0	20.0	7.0	18.0	15.0	3	0	3.6	3.6	2.0
2026-05-24	Chelsea	Sunderland	fora	D	1	2	3	3	1.0	10.0	7.0	15.0	18.0	2	0	3.6	3.6	2.0
2026-05-24	Tottenham	Everton	casa	V	1	0	3	3	6.0	21.0	6.0	12.0	15.0	5	0	1.91	3.75	3.8
2026-05-24	Everton	Tottenham	fora	D	0	1	3	3	3.0	8.0	2.0	15.0	12.0	3	1	1.91	3.75	3.8
2026-05-24	West Ham	Leeds	casa	V	3	0	3	3	9.0	16.0	6.0	14.0	11.0	0	0	1.85	4.0	3.75
2026-05-24	Leeds	West Ham	fora	D	0	3	3	3	3.0	13.0	4.0	11.0	14.0	3	0	1.85	4.0	3.75
